latency,CC_LEFT,CC_RIGHT,CF_LEFT,CF_RIGHT,FC_LEFT,FC_RIGHT,FF_LEFT,FF_RIGHT,HC_LEFT,HC_RIGHT,HF_LEFT,HF_RIGHT,EE_LEFT,EE_RIGHT,EF_LEFT,EF_RIGHT,FE_LEFT,FE_RIGHT,HE_LEFT,HE_RIGHT
-100,1.12375112374623,1.40320559342702,1.15710051854451,1.49856189886728,1.2895929813385,1.73158971468607,1.09686382611592,1.49798731009165,1.44553422927856,1.50478637218475,1.37586653232574,1.44232159852981,1.00847816467285,1.19761582215627,0.786660055319468,0.958454807599386,0.941465775171914,1.22168358167012,0.956329305966694,1.1114576458931
-98,1.083738108476,1.3313934803009,1.10968764623006,1.37683161099751,1.24912869930267,1.66430211067199,1.04831608136495,1.39083925882975,1.42202615737915,1.44288619359334,1.36274758974711,1.41519421339035,0.969873666763305,1.12924089034398,0.751978139082591,0.90337481101354,0.935303707917526,1.22887849807739,1.0071481068929,1.08729267120361
-96,1.05534323056539,1.26323501269022,1.08461646238963,1.26347764333089,1.20588477452596,1.5885507663091,1.00154827038447,1.28007992108663,1.40234104792277,1.38130756219228,1.34445214271545,1.38780059417089,0.952788591384885,1.07809100548426,0.728947182496389,0.860911130905151,0.929788231849667,1.22684470812479,1.06153011322021,1.0609921614329
-94,1.03625371058782,1.19836135705312,1.07878104845683,1.16258486111958,1.15888178348541,1.50467606385548,0.955956379572549,1.16862638791402,1.38436728715896,1.32002268234889,1.31875129540761,1.35747909545898,0.951822737852732,1.03944480419159,0.716026961803436,0.831936001777647,0.921825667222337,1.21239467461904,1.11563412348429,1.03208899497985
-92,1.0234646598498,1.13709092140197,1.08722960948944,1.07454639673233,1.10743689537048,1.41359237829844,0.911688764890032,1.05879255135854,1.36596328020095,1.25888621807098,1.28425298134486,1.32197972138722,0.963080187638599,1.01477479934692,0.710863788922628,0.815934081872302,0.910971919695531,1.18554308017095,1.16143767038981,0.99712345997492
-90,1.01322917143504,1.07852985461553,1.10225013891856,0.997576057910919,1.05146201451619,1.31664228439331,0.868443926175434,0.953196009000141,1.34648780028025,1.19794178009033,1.24033763011296,1.27905384699503,0.978094657262162,1.00029454628626,0.710268636544545,0.810876150925954,0.891884009043373,1.14096881945928,1.19282376766205,0.954537649949389
-88,1.00266965230306,1.02087950706482,1.1167490084966,0.929170290629067,0.991180419921872,1.21540836493174,0.826061487197876,0.853716015815734,1.32018599907557,1.13582400480906,1.18751875559489,1.22722647587458,0.994457960128779,0.994948824246721,0.710709095001221,0.813326319058736,0.861918509006498,1.07559269666671,1.20442140102386,0.903251369794208
-86,0.988091349601744,0.962305565675099,1.12318277359008,0.865696052710215,0.927044769128163,1.11152291297912,0.783231874306997,0.761952916781108,1.2864986260732,1.07209901014964,1.12614568074544,1.16523750623067,1.00258795420329,0.990580260753631,0.708459476629893,0.818699836730957,0.822353184223175,0.997133890787758,1.19334022204081,0.844472924868266
-84,0.966288089752195,0.900428056716919,1.11492963631947,0.803132474422455,0.859667976697283,1.00648713111877,0.7411763270696,0.677396893501282,1.24737600485483,1.00982650121053,1.05835872888564,1.09245940049489,0.996086359024043,0.983061492443081,0.700138171513875,0.821604530016581,0.771030942598979,0.903951307137807,1.1563647588094,0.776207029819489
-82,0.934812645117441,0.832804203033447,1.08667349815368,0.737505992253621,0.789510508378347,0.901509245236715,0.697890400886535,0.600178519884745,1.19308125972748,0.93987613916397,0.985595325628912,1.00989109277725,0.971863071123759,0.966700335343676,0.68273405234019,0.816366493701935,0.70778626203537,0.799964189529419,1.09489917755127,0.703044593334198
-80,0.891659140586852,0.757322589556376,1.03553847471873,0.665025214354197,0.715844631195068,0.797931750615438,0.652046700318654,0.528639713923136,1.12655780712763,0.864964187145233,0.909175574779509,0.918018857638039,0.926051636536915,0.937071045239765,0.654007494449615,0.797552168369293,0.632883171240488,0.689012408256531,1.00862963994344,0.623377203941345
-78,0.835657378037771,0.672245562076568,0.959522684415181,0.583995898564657,0.641614894072215,0.695416291554769,0.601897815863292,0.461072365442912,1.04680438836415,0.78358256816864,0.830331166585287,0.81888888279597,0.857542753219604,0.89066469669342,0.612823804219564,0.760545412699381,0.547228157520294,0.57523783047994,0.901835262775421,0.541475713253021
-76,0.76510097583135,0.57528156042099,0.860106766223907,0.49267715215683,0.564769983291626,0.594206929206848,0.545502384503683,0.395376761754354,0.954368372758227,0.695560654004415,0.749796311060587,0.71477601925532,0.767366548379262,0.825468281904856,0.558245102564494,0.702500720818837,0.452155232429505,0.462676286697388,0.779112458229065,0.459740241368612
-74,0.682954629262289,0.468837102254232,0.740396320819855,0.391013582547506,0.486713965733846,0.496211051940918,0.481531620025635,0.32863446076711,0.848596254984538,0.599554300308228,0.667560656865438,0.608088195323944,0.658056259155274,0.741179863611857,0.491327067216238,0.621289988358815,0.349453747272492,0.354938228925069,0.645624717076619,0.380529165267944
-72,0.589568436145783,0.354516605536143,0.605154554049174,0.280201276143392,0.405368447303772,0.39655327796936,0.408454596996307,0.258808930714925,0.731424212455749,0.495992203553518,0.58344825108846,0.500980565945307,0.533838828404745,0.640067140261332,0.41359011332194,0.51741357644399,0.241287748018901,0.254842758178711,0.506431152423223,0.305552860101064
-70,0.485600491364797,0.229962746302287,0.460244238376618,0.16247832775116,0.321416695912679,0.297268231709798,0.326322774092357,0.184125145276388,0.604719241460164,0.385461151599884,0.496614933013916,0.395804027716319,0.399450540542602,0.523340503374736,0.327390472094218,0.392259160677592,0.12998374303182,0.164248108863831,0.367593348026276,0.236096362272899
-68,0.37374864021937,0.09993843237559,0.312050819396973,0.0408091942469277,0.234705487887065,0.198189814885457,0.234388927618663,0.10365891456604,0.471013923486074,0.269141038258871,0.406127959489822,0.29434793194135,0.260650773843129,0.396186292171478,0.235147039095561,0.250886956850688,0.0180609226226807,0.083984692891439,0.233255952596665,0.172636349995931
-66,0.257471909125646,-0.0295746326446533,0.166553159554799,-0.0813494126001993,0.145333170890808,0.0994776089986167,0.132997989654541,0.0165428320566813,0.333946307500204,0.150910476843516,0.311046292384466,0.198075205087662,0.122605562210083,0.263599514961243,0.137610753377279,0.097030997276306,-0.091913064320882,0.013854742050171,0.10756154358387,0.116126716136932
-64,0.137429704268773,-0.159711162249247,0.0293184518814087,-0.200538078943888,0.0538780291875203,0.001688599586487,0.0248091220855713,-0.076149503389994,0.196156183878581,0.0290143489837647,0.211219896872838,0.107386579116185,-0.0100369850794473,0.130861163139344,0.0399442911148073,-0.058076024055481,-0.197930216789246,-0.046752731005351,-0.00831407308578467,0.063108483950297
-62,0.017503321170807,-0.283887028694153,-0.095602552096049,-0.313568512598674,-0.0387764374415083,-0.0939470132191977,-0.087272524833679,-0.172741333643595,0.0607430537541707,-0.091797947883606,0.10833806792895,0.0245827237764993,-0.134474118550618,0.00293203194936133,-0.0533778270085653,-0.210276524225871,-0.296518246332804,-0.10059130191803,-0.112687478462855,0.0132030646006267
-60,-0.0996951262156167,-0.398025790850322,-0.205795447031657,-0.417629480361939,-0.131456851959229,-0.186366637547811,-0.199074586232503,-0.268309990564982,-0.0683995087941487,-0.208548704783122,-0.0000173052151996681,-0.0544695059458417,-0.24617071946462,-0.115709900856018,-0.142488241195679,-0.35215961933136,-0.3858402967453,-0.149159828821818,-0.205534547567367,-0.0353843768437703
-58,-0.211561560630798,-0.498698671658834,-0.299880584081014,-0.511045018831889,-0.222452163696289,-0.274152994155884,-0.307494481404622,-0.364446481068929,-0.18816598256429,-0.318158785502116,-0.109881023565928,-0.128335734208425,-0.34475310643514,-0.222090363502502,-0.225667277971904,-0.477648059527079,-0.463777144749959,-0.194548050562541,-0.286191831032435,-0.0821566581726077
-56,-0.316006898880005,-0.583048224449158,-0.378599802652995,-0.59243635336558,-0.309745629628499,-0.355347951253255,-0.407623251279195,-0.455256700515747,-0.295997063318888,-0.417889316876729,-0.218963325023651,-0.196673691272736,-0.430482029914856,-0.314423243204753,-0.301997621854146,-0.582002679506938,-0.528583804766337,-0.238568623860677,-0.358893513679504,-0.133374373118083
-54,-0.410476247469584,-0.648180683453878,-0.443758527437846,-0.661291480064392,-0.391383409500122,-0.428282817204793,-0.495346744855245,-0.537147601445516,-0.39005446434021,-0.505290031433106,-0.325274288654327,-0.263063828150432,-0.504010319709778,-0.392277240753174,-0.371007800102234,-0.662278215090434,-0.578887542088826,-0.282564957936605,-0.423641373713811,-0.187565565109253
-52,-0.494676967461904,-0.695179025332133,-0.498042742411295,-0.717647433280945,-0.465295910835266,-0.491539557774862,-0.567838827768962,-0.606711069742839,-0.468671123186747,-0.578282276789347,-0.424450953801473,-0.326421916484833,-0.567024310429891,-0.456519405047099,-0.432387749354045,-0.716508428255717,-0.613780458768209,-0.327191193898519,-0.482063740491867,-0.244993368784586
-50,-0.5669371287028,-0.723147749900818,-0.544839461644491,-0.75898285706838,-0.52962056795756,-0.544135411580403,-0.621054530143738,-0.661481380462646,-0.532719532648722,-0.636243422826131,-0.51312659184138,-0.387074053287506,-0.621127367019653,-0.509020050366719,-0.487533966700236,-0.745107690493266,-0.632925391197205,-0.372411886850993,-0.535058706998825,-0.305047233899435
-48,-0.626566966374715,-0.733204086621602,-0.586352467536926,-0.791903456052144,-0.582866509755452,-0.585650523503621,-0.652913371721903,-0.697623729705811,-0.582283735275269,-0.678548494974772,-0.58847318092982,-0.44465305407842,-0.667901317278544,-0.552296241124471,-0.535113493601481,-0.754459659258524,-0.636541763941447,-0.417443911234538,-0.583212465047836,-0.366123000780741
-46,-0.673318187395732,-0.727362434069316,-0.625370264053345,-0.813941995302836,-0.624028921127319,-0.616243441899618,-0.665467421213786,-0.717911561330159,-0.618731419245402,-0.705600142478943,-0.647744198640187,-0.498935242493947,-0.708581248919169,-0.589037299156189,-0.576315402984619,-0.746271411577861,-0.625781218210856,-0.461400111516317,-0.62641113003095,-0.426149447758993
-44,-0.707276940345764,-0.708066741625468,-0.66340188185374,-0.825496872266134,-0.652623812357585,-0.636702140172323,-0.658522049585978,-0.720684051513672,-0.64407205581665,-0.71852191289266,-0.6894411444664,-0.548669755458832,-0.744467139244079,-0.623287002245585,-0.612906773885091,-0.72670050462087,-0.601165175437927,-0.500516891479492,-0.663974076509476,-0.482322136561076
-42,-0.72897477944692,-0.678316394488017,-0.702428380648295,-0.827222545941671,-0.668747663497925,-0.648331960042318,-0.634034554163615,-0.707172075907389,-0.6600102186203,-0.719108780225118,-0.714503387610118,-0.592827578385671,-0.774768431981404,-0.655913790067037,-0.641628344853719,-0.698346654574076,-0.565666039784749,-0.535775184631348,-0.694721152385076,-0.531650384267171
-40,-0.740217963854472,-0.640269875526428,-0.738276680310567,-0.817629933357239,-0.673171679178874,-0.652809302012126,-0.595656593640645,-0.679342985153198,-0.670506437619527,-0.709416270256043,-0.723505437374115,-0.630243162314097,-0.795533418655396,-0.682920177777608,-0.664492845535278,-0.668253064155578,-0.521483341852824,-0.56433375676473,-0.717240234216054,-0.571339011192322
-38,-0.739733815193176,-0.598773042360942,-0.771302064259847,-0.797730882962545,-0.666542132695516,-0.652029434839884,-0.546546538670858,-0.640160083770752,-0.676643967628479,-0.691888372103373,-0.718708535035451,-0.659666160742442,-0.809814095497131,-0.710345466931661,-0.679654757181803,-0.637776811917623,-0.471505244572957,-0.584751526514689,-0.730282485485077,-0.598786473274231
-36,-0.729820529619852,-0.555271665255229,-0.798814296722412,-0.766701738039652,-0.651446262995402,-0.647997935612997,-0.491881410280863,-0.592333634694417,-0.682068824768067,-0.669106642405192,-0.703587591648102,-0.680371026198069,-0.814870874087016,-0.737147847811381,-0.686553080876668,-0.610832691192627,-0.418675025304159,-0.596259276072184,-0.732657015323639,-0.612220446268718
-34,-0.712562084197998,-0.512296756108602,-0.817810694376627,-0.724501570065816,-0.631258090337118,-0.642660458882649,-0.435530742009481,-0.539538939793905,-0.688260952631633,-0.64319638411204,-0.68074244260788,-0.691631694634756,-0.807981888453165,-0.759512384732564,-0.684115012486776,-0.588557362556458,-0.365886410077413,-0.598551273345947,-0.723885397116343,-0.611323118209839
-32,-0.689104080200195,-0.47149932384491,-0.82591446240743,-0.671235839525858,-0.60331662495931,-0.635696331659953,-0.381484150886536,-0.484734376271566,-0.696175853411356,-0.616297721862793,-0.656894425551097,-0.693430125713349,-0.788629571596781,-0.77652378877004,-0.671379725138346,-0.570543964703878,-0.315897544225057,-0.592068751653036,-0.704109330972036,-0.59620193640391
-30,-0.660675247510274,-0.433931986490885,-0.820182879765828,-0.607545653978984,-0.572380224863688,-0.630533854166667,-0.332510352134705,-0.43062694867452,-0.706308921178182,-0.589908480644226,-0.633701900641123,-0.688076953093211,-0.755736986796061,-0.785027464230855,-0.648636023203532,-0.557058453559875,-0.270977814992269,-0.577864090601603,-0.674212515354157,-0.568485339482625
-28,-0.627976179122925,-0.398323575655619,-0.800396601359049,-0.535036325454712,-0.539810498555501,-0.626480420430502,-0.290984869003296,-0.376722335815429,-0.718397895495097,-0.565326333045959,-0.616712947686513,-0.678179204463959,-0.70951251188914,-0.782742857933044,-0.612893025080363,-0.54119082291921,-0.232782483100891,-0.557423988978068,-0.635845641295115,-0.53073255221049
-26,-0.594623406728109,-0.368557413419088,-0.765804568926493,-0.455580194791158,-0.506328185399374,-0.623094956080119,-0.259293953577677,-0.3299986521403,-0.733157952626546,-0.543380260467529,-0.604237973690033,-0.662012159824371,-0.651113669077556,-0.767616391181946,-0.565422932306926,-0.521659096082052,-0.202341556549072,-0.532633701960246,-0.59136825799942,-0.486506223678589
-24,-0.560502727826436,-0.342820922533671,-0.717200954755147,-0.371852437655131,-0.474285046259562,-0.620260318120321,-0.2381858030955,-0.289930899937948,-0.747805794080098,-0.524099508921305,-0.599251488844554,-0.644215603669484,-0.58232565720876,-0.739667057991028,-0.507641712824504,-0.495761553446452,-0.182888507843018,-0.509848833084107,-0.543685644865036,-0.439854900042216
-22,-0.526575525601705,-0.3206707239151,-0.658521135648092,-0.287208636601766,-0.446669975916545,-0.61783774693807,-0.225456039110819,-0.252414544423421,-0.761726260185242,-0.507503231366475,-0.601528584957123,-0.626477936903635,-0.505130171775818,-0.698976079622905,-0.439153949419657,-0.45763107140859,-0.168363253275553,-0.482454220453898,-0.495744874080022,-0.394958297411601
-20,-0.493109623591105,-0.301775376001994,-0.58907675743103,-0.204031586647034,-0.419639786084493,-0.612927516301473,-0.222727179527283,-0.222376346588135,-0.773200790087382,-0.493269364039103,-0.609229187170665,-0.611541370550791,-0.42460298538208,-0.6464550892512,-0.364458918571472,-0.409665862719218,-0.160372177759806,-0.456260442733765,-0.450585812330246,-0.355941534042358
-18,-0.461662848790486,-0.285725951194763,-0.515865961710612,-0.126558542251587,-0.395607550938924,-0.605573654174804,-0.227633873621623,-0.197656234105428,-0.781580805778503,-0.480714917182923,-0.620718936125437,-0.601473828156789,-0.343670050303141,-0.584844470024109,-0.283626476923624,-0.347704887390137,-0.157358527183533,-0.432575464248657,-0.412927329540253,-0.329090555508931
-16,-0.431395332018534,-0.272580107053121,-0.443728844324748,-0.0583645502726237,-0.374050537745158,-0.592355171839396,-0.238857825597127,-0.177922646204631,-0.785527904828389,-0.469833413759867,-0.632951160271962,-0.59748520453771,-0.265757163365682,-0.517381588617961,-0.200645923614502,-0.273385564486186,-0.157535870869954,-0.413154363632202,-0.380025943120321,-0.311066468556722
-14,-0.402553200721741,-0.261653621991475,-0.375248948733012,-0.000226418177287004,-0.355907837549845,-0.577782154083252,-0.254043221473694,-0.16284449895223,-0.784789323806762,-0.459927995999654,-0.642383873462677,-0.601317663987477,-0.193971117337545,-0.447704593340556,-0.118694464365641,-0.188874204953512,-0.159736116727193,-0.397597551345825,-0.356841067473094,-0.305854002634684
-12,-0.374917467435201,-0.252665241559347,-0.314334511756897,0.045325001080831,-0.340890804926554,-0.559431393941243,-0.271424849828084,-0.152365525563558,-0.778977115948995,-0.450699011484782,-0.648003955682119,-0.612110555171967,-0.132674098014831,-0.382233182589213,-0.041009187698364,-0.0976758400599163,-0.162821372350057,-0.391202886899312,-0.343221306800842,-0.313937147458395
-10,-0.347000479698181,-0.245851198832194,-0.263809164365133,0.0778768857320153,-0.329485535621643,-0.537797530492147,-0.290553132692973,-0.146918614705403,-0.768495162328084,-0.442010800043742,-0.647085567315419,-0.62945169210434,-0.0785755316416423,-0.31974454720815,0.0296274423599243,-0.00428164005279533,-0.162907520929972,-0.382848898569743,-0.339734534422556,-0.335537195205688
-8,-0.320286671320597,-0.240278522173564,-0.225104808807373,0.0977101723353067,-0.321376442909241,-0.513945897420247,-0.3101513783137,-0.146533171335856,-0.753994703292847,-0.433489998181661,-0.63862027724584,-0.652155896027883,-0.0376536051432293,-0.269217212994893,0.0909512042999267,0.0862073898315427,-0.160566767056783,-0.377628842989604,-0.344046135743459,-0.365677078564962
-6,-0.293159961700439,-0.235222180684408,-0.200775782267253,0.104880054791768,-0.316939910252889,-0.488979816436767,-0.32948899269104,-0.152088006337484,-0.736664851506551,-0.426083366076151,-0.622827231884003,-0.678419291973114,-0.00295988718668634,-0.223146637280782,0.141271471977234,0.168626666069031,-0.155600746472677,-0.375767906506856,-0.355512817700704,-0.402964870134989
-4,-0.267518043518066,-0.231696526209513,-0.185136357943217,0.104021628697713,-0.316360831260681,-0.464648723602295,-0.34834090868632,-0.164245208104452,-0.717393199602763,-0.419565876324972,-0.600995361804962,-0.706413129965464,0.0248637596766153,-0.186241110165914,0.179890235265096,0.238240679105123,-0.148288170496623,-0.376610199610392,-0.372819105784098,-0.445206602414449
-2,-0.24156904220581,-0.227688590685527,-0.179199536641439,0.0966941118240353,-0.31947656472524,-0.442735910415649,-0.366658171017965,-0.183630108833313,-0.698243896166484,-0.414238572120666,-0.575263321399688,-0.734063645203908,0.0473100344340003,-0.158791979153951,0.207011461257934,0.291219552357992,-0.139627655347188,-0.379917860031128,-0.39322559038798,-0.486654241879781
0,-0.213876565297445,-0.22238290309906,-0.179510315259298,0.0854707956314087,-0.327487150828044,-0.424941857655843,-0.385079463322957,-0.21160348256429,-0.679165244102478,-0.4096892674764,-0.548861046632131,-0.759730160236359,0.0674417813618977,-0.139312783877055,0.22317107518514,0.325436631838481,-0.130460222562154,-0.385071118672689,-0.415301223595937,-0.525209506352743
2,-0.187427520751953,-0.215568383534749,-0.183943470319112,0.0734500885009763,-0.340196053187052,-0.412494500478109,-0.402785619099935,-0.245317141215007,-0.663016517957052,-0.406449476877848,-0.52583913008372,-0.782179415225983,0.0864107211430863,-0.12872040271759,0.23090124130249,0.338784098625183,-0.123434782028198,-0.393569628397624,-0.438014010588328,-0.558037797609965
4,-0.161149819691976,-0.204011917114258,-0.189034342765808,0.0625593662261967,-0.357510566711426,-0.406712770462036,-0.421187996864319,-0.286559025446574,-0.649722218513489,-0.405403812726339,-0.50943531592687,-0.800831337769826,0.10789410273234,-0.118943254152934,0.232142210006714,0.33235232035319,-0.11894702911377,-0.405383110046387,-0.457025021314621,-0.581194639205933
6,-0.138660331567129,-0.194161494572957,-0.19242250919342,0.055124044418335,-0.378896792729696,-0.406848589579264,-0.440620462099711,-0.333517551422119,-0.639585852622986,-0.40569281578064,-0.502523521582286,-0.815659383932749,0.132462620735168,-0.110238472620646,0.229655186335246,0.308072447776794,-0.120578209559123,-0.420881191889445,-0.479153702656428,-0.60028338432312
8,-0.11776347955068,-0.179624160130819,-0.193546613057455,0.052180488904317,-0.405512730280558,-0.415870348612468,-0.461230794588725,-0.38450288772583,-0.633038163185119,-0.407259980837504,-0.508029997348786,-0.82742565870285,0.160599589347839,-0.100549419720967,0.225860595703125,0.269102295239766,-0.129032532374064,-0.440377473831177,-0.498126755158106,-0.611814697583516
10,-0.112617989381154,-0.168963313102722,-0.191596269607544,0.054167628288269,-0.436033010482788,-0.431809743245443,-0.481520891189575,-0.436710039774577,-0.629633665084839,-0.411188205083211,-0.527040779590607,-0.837330877780914,0.191790699958801,-0.0884750286738077,0.223174095153809,0.219454169273376,-0.145386934280396,-0.46462337176005,-0.517083495855332,-0.616810162862142
12,-0.108119507630666,-0.152820785840352,-0.187158385912578,0.0598401625951133,-0.469563166300456,-0.454068263371785,-0.504079421361287,-0.489286661148071,-0.629629135131836,-0.414597789446513,-0.560666739940643,-0.84724098443985,0.22462393840154,-0.0734165906906127,0.22330375512441,0.163571437199911,-0.171142339706421,-0.495359341303507,-0.536722312370936,-0.617787798245748
14,-0.112299760182698,-0.137203892072042,-0.182146787643433,0.0681153138478597,-0.508131225903829,-0.482331752777099,-0.529905994733175,-0.539315064748128,-0.632678270339966,-0.41874893506368,-0.607244193553925,-0.858752389748891,0.255737086137136,-0.054807543754578,0.227188070615133,0.105885942776998,-0.20503310362498,-0.52970806757609,-0.560037593046824,-0.617988149325053
16,-0.126114110151927,-0.123948971430461,-0.179202675819397,0.0770707925160727,-0.54637070496877,-0.513974825541178,-0.557872692743937,-0.584682861963908,-0.639473756154379,-0.424244403839111,-0.663186093171438,-0.873079756895701,0.28522785504659,-0.035735805829366,0.234885613123576,0.050408204396566,-0.247520367304484,-0.569054921468099,-0.585401992003123,-0.618575970331828
18,-0.150421937306722,-0.114738504091898,-0.181516210238139,0.084524591763814,-0.585874398549398,-0.548136631647746,-0.588160673777262,-0.623822609583537,-0.649501403172811,-0.431183536847433,-0.726882835229238,-0.891963104406992,0.308986643950144,-0.0170896053314207,0.245662848154704,0.000356237093607663,-0.297858317693075,-0.612913926442464,-0.615900735060374,-0.622807184855143
20,-0.185135006904602,-0.111367066701253,-0.192303538322448,0.088315526644389,-0.625991026560466,-0.58366854985555,-0.620999614397685,-0.655792713165283,-0.663080811500549,-0.440080404281616,-0.794026076793671,-0.915480275948842,0.324545025825501,-0.00110145409901933,0.259175737698873,-0.0418001413345337,-0.354976892471313,-0.660643418629964,-0.652875522772471,-0.632556955019633
22,-0.229782541592916,-0.115689039230347,-0.214431524276733,0.0865253210067747,-0.66805640856425,-0.619682391484579,-0.656508406003316,-0.680405775705973,-0.680743098258972,-0.451610287030538,-0.863049407800039,-0.945422907670339,0.329946974913279,0.00997058550516766,0.270198225975037,-0.0752652883529663,-0.417514602343241,-0.711228529612223,-0.697281539440155,-0.649030963579814
24,-0.283226728439331,-0.128749092419942,-0.249991456667582,0.0776839256286623,-0.70649512608846,-0.653565804163615,-0.694880723953247,-0.698050340016683,-0.70319672425588,-0.466546177864075,-0.930063088734942,-0.980417450269059,0.323852141698202,0.0142238537470497,0.27738626797994,-0.0998266537984213,-0.484001477559408,-0.763738473256429,-0.749323904514313,-0.671650528907776
26,-0.343062003453573,-0.151156266530355,-0.299927274386088,0.0609577496846517,-0.743275006612142,-0.685139020284017,-0.736306508382161,-0.710904041926066,-0.730981826782227,-0.485764463742574,-0.992579857508338,-1.01952636241913,0.304828365643819,0.008515278498332,0.27772311369578,-0.116397539774577,-0.552960594495138,-0.817085107167562,-0.809814989566803,-0.702151497205098
28,-0.408416350682576,-0.183130145072937,-0.364237904548645,0.036153435707092,-0.779366175333659,-0.714855114618937,-0.779651880264282,-0.719646294911702,-0.765112678209941,-0.509808500607808,-1.05070475737254,-1.0614732503891,0.275518695513407,-0.003751516342163,0.268592317899068,-0.126591205596924,-0.622896114985148,-0.870318094889323,-0.878048241138458,-0.738290707270304
30,-0.476676225662231,-0.22353442509969,-0.440868933995565,0.00371905167897534,-0.813440958658854,-0.740252733230591,-0.825046221415202,-0.726959149042765,-0.806154092152913,-0.539156039555867,-1.10051484902699,-1.10363694032033,0.236121416091919,-0.0240383942921957,0.247615257898967,-0.132518887519836,-0.692615032196045,-0.922631502151489,-0.953359623750051,-0.777776718139648
32,-0.544991811116537,-0.270738959312439,-0.527765234311422,-0.0351266860961913,-0.846832116444906,-0.762021462122599,-0.871813853581746,-0.735091765721639,-0.854118506113688,-0.573992808659871,-1.14451456069946,-1.1442037820816,0.187009572982788,-0.0517841180165607,0.213380416234334,-0.136454304059346,-0.76106071472168,-0.973402500152585,-1.03427080313364,-0.820000290870666
34,-0.610741217931112,-0.322774410247803,-0.621025005976359,-0.080173174540202,-0.878291765848796,-0.779825687408447,-0.919014533360796,-0.746080557505289,-0.908699512481689,-0.614104708035787,-1.1826223929723,-1.18134454886118,0.13324499130249,-0.083154320716858,0.165424346923828,-0.140572985013326,-0.827351172765094,-1.02226591110229,-1.12018517653147,-0.863748153050741
36,-0.671571771303813,-0.376982847849528,-0.714396476745606,-0.127182006835938,-0.911370356877645,-0.794521331787109,-0.965064287185667,-0.760831435521444,-0.968500773111978,-0.65865425268809,-1.21906455357869,-1.21401250362396,0.0758182207743323,-0.116371989250183,0.104456146558126,-0.146919369697571,-0.890918771425882,-1.06892617543538,-1.20720632870991,-0.903144121170043
38,-0.725682417551676,-0.430440584818522,-0.804662704467774,-0.177424391110738,-0.94502568244934,-0.805765946706136,-1.00994634628295,-0.781468073527018,-1.03360605239868,-0.707235733668009,-1.25627851486205,-1.24107539653777,0.0169073343276977,-0.148672223091126,0.032057205835978,-0.156460285186768,-0.951790372530619,-1.11503903071085,-1.2960500717163,-0.941547393798826
40,-0.7715394894282,-0.480447332064311,-0.887358427047728,-0.228492617607116,-0.98061728477478,-0.81473437945048,-1.05134646097819,-0.807932138442993,-1.101567029953,-0.758296688397725,-1.29353336493174,-1.26266038417815,-0.0416503747304283,-0.177504698435465,-0.0489927132924397,-0.170217633247375,-1.01004087924957,-1.15842485427856,-1.38410739103952,-0.976917028427119
42,-0.80901046593984,-0.524669289588928,-0.958460410435992,-0.279260357220968,-1.01856843630472,-0.821683247884115,-1.08941356341044,-0.839584747950236,-1.17041985193888,-0.810388008753458,-1.33403746287028,-1.2792291243871,-0.0987021923065183,-0.200916767120361,-0.135297139485677,-0.188425183296204,-1.06397108236949,-1.20001451174418,-1.46967097123463,-1.00957993666331
44,-0.838431795438129,-0.56109873453776,-1.01518909136454,-0.329069455464681,-1.05893476804097,-0.8271857102712,-1.12275036176045,-0.87517237663269,-1.23798068364461,-0.861999750137329,-1.3788761695226,-1.29221769173939,-0.153568387031555,-0.216873606046041,-0.222978671391805,-0.21088457107544,-1.1147475639979,-1.24140326182047,-1.5514957110087,-1.04114079475402
46,-0.860567172368365,-0.589043180147807,-1.0551954905192,-0.377778172492981,-1.10352206230163,-0.832506895065307,-1.15144904454549,-0.912913640340169,-1.30213594436645,-0.911678552627564,-1.42846417427063,-1.30328635374704,-0.206441481908162,-0.227330247561137,-0.308096130688985,-0.237041711807251,-1.16119054953257,-1.28063027064005,-1.62748789787292,-1.07169103622436
48,-0.875842769940694,-0.607858777046204,-1.08065724372863,-0.42509663105011,-1.1519386768341,-0.838408390680949,-1.17518520355225,-0.950778563817342,-1.36278438568115,-0.958702166875202,-1.48233143488566,-1.31470827261607,-0.257653117179871,-0.233010371526082,-0.38699467976888,-0.266080776850382,-1.2032653093338,-1.31670792897542,-1.69670371214548,-1.10343901316325
50,-0.889031926790871,-0.619054436683655,-1.09230359395345,-0.47149646282196,-1.20424485206603,-0.845906416575114,-1.19418509801229,-0.984760284423826,-1.41891376177469,-1.00360488891602,-1.53926420211792,-1.32863223552704,-0.308189868927002,-0.234600941340129,-0.456517378489177,-0.297211686770121,-1.24606088797251,-1.35464024543762,-1.75830682118733,-1.13806788126627
52,-0.901493231455484,-0.623785058657328,-1.09298276901245,-0.517379244168599,-1.26017832756042,-0.855938116709391,-1.21147712071736,-1.01722995440165,-1.46322313944498,-1.04137277603149,-1.59743499755859,-1.3469663063685,-0.358810623486837,-0.235458374023438,-0.51482081413269,-0.329664786656698,-1.28716131051381,-1.39183243115743,-1.81164435545603,-1.17710343996684
54,-0.915895382563271,-0.623896559079488,-1.08837787310282,-0.564221262931824,-1.31897282600403,-0.869379838307699,-1.22768481572469,-1.04474059740702,-1.5002482732137,-1.07457645734151,-1.65469487508138,-1.37129056453704,-0.40995188554128,-0.238657752672831,-0.560853799184163,-0.362834493319193,-1.32708966732025,-1.42801928520202,-1.85621221860249,-1.220059633255
56,-0.934818983078002,-0.621683478355408,-1.07979432741801,-0.609901150067647,-1.38001251220703,-0.886637687683105,-1.24315611521403,-1.06617522239685,-1.53027613957723,-1.10346293449401,-1.70890045166015,-1.40245680014292,-0.462082703908285,-0.247545639673869,-0.594510555267334,-0.397627115249634,-1.36630109945933,-1.46286757787068,-1.89263959725698,-1.26831992467244
58,-0.960420290629067,-0.61935818195343,-1.07395243644714,-0.656765739123026,-1.44149875640869,-0.907683213551837,-1.26223675409953,-1.08263993263244,-1.55445973078409,-1.12863119443257,-1.7583741346995,-1.4400870402654,-0.514020164807638,-0.264067649841309,-0.617862621943156,-0.430466691652933,-1.40517993768056,-1.49583673477172,-1.92164997259775,-1.32279340426127
60,-0.994342883427936,-0.618722081184387,-1.07468597094218,-0.701140761375427,-1.50224947929382,-0.932538350423176,-1.28421632448832,-1.09391395250956,-1.57438294092814,-1.15078473091125,-1.8016763528188,-1.48344393571217,-0.564974308013916,-0.290243585904439,-0.633683522542318,-0.463577747344971,-1.44387511412302,-1.5263344446818,-1.94125465552012,-1.37693421045939
62,-1.03799585501353,-0.621253450711568,-1.08658210436503,-0.745460867881775,-1.55970470110575,-0.962349573771159,-1.31285548210144,-1.10229317347208,-1.59104824066161,-1.16884088516235,-1.83827074368794,-1.53086777528127,-0.612918893496195,-0.32664163907369,-0.644733031590779,-0.496122002601624,-1.4823381503423,-1.55364616711934,-1.95383950074513,-1.43016521135965
64,-1.09029912948608,-0.62677522500356,-1.11201540629069,-0.787656267484029,-1.61233735084533,-0.990845441818234,-1.34696276982625,-1.10939383506775,-1.60696236292521,-1.18706170717875,-1.86839246749877,-1.57991548379262,-0.655590931574503,-0.372534513473511,-0.654491662979126,-0.528060078620911,-1.52011652787526,-1.57700117429097,-1.96043090025584,-1.47929199536641
66,-1.15094375610351,-0.635105570157369,-1.15232570966084,-0.826240658760068,-1.65753571192423,-1.01813165346781,-1.38675912221272,-1.11676947275797,-1.62029282251993,-1.20091247558593,-1.89252837498982,-1.62784159183502,-0.690302689870198,-0.423856377601623,-0.667561292648316,-0.560181498527527,-1.55632595221201,-1.59553170204162,-1.96215562025705,-1.52086782455444
68,-1.2177832921346,-0.644695957501729,-1.2073171933492,-0.860266645749409,-1.69313009579976,-1.04069725672404,-1.43142890930175,-1.12598554293314,-1.63957031567891,-1.21510577201843,-1.91324917475382,-1.67300403118133,-0.715117772420247,-0.481573661168416,-0.683907906214396,-0.587406436602275,-1.58963906764984,-1.6082808971405,-1.96028912067413,-1.55150556564331
70,-1.28926984469096,-0.65384042263031,-1.27529040972392,-0.888026754061379,-1.71650942166646,-1.05691623687744,-1.47925591468811,-1.13808218638102,-1.66028809547424,-1.22630564371745,-1.9322170416514,-1.70978200435638,-0.726275364557902,-0.539667884508769,-0.707288821538289,-0.610891461372375,-1.61848119894663,-1.61468323071797,-1.95606879393259,-1.56776976585388
72,-1.36202176411946,-0.659696539243062,-1.35321728388468,-0.90819919109344,-1.7255695660909,-1.06274692217509,-1.52802316347758,-1.15332627296447,-1.6820208231608,-1.23293296496073,-1.95094728469848,-1.73693160216013,-0.722684701283773,-0.593432148297628,-0.736043453216553,-0.628505667050679,-1.64037708441416,-1.61286075909932,-1.95000843207041,-1.56883835792541
74,-1.43285711606343,-0.659812092781067,-1.43693264325459,-0.919629772504168,-1.71821991602579,-1.05520296096801,-1.57301727930704,-1.17114758491516,-1.70327281951904,-1.23308142026265,-1.97192724545797,-1.75232628981272,-0.703423579533895,-0.638380567232768,-0.772988001505534,-0.638981223106384,-1.65306858221689,-1.60212850570678,-1.94342267513275,-1.55385621388753
76,-1.49804313977559,-0.651094873746236,-1.52139353752136,-0.921376824378967,-1.69453414281209,-1.03051249186198,-1.61483160654703,-1.19013174374898,-1.7217579682668,-1.22453514734904,-1.99564329783121,-1.75466612974802,-0.668635328610738,-0.670568188031514,-0.812055905659992,-0.638993938763936,-1.6540169318517,-1.58135779698689,-1.93537151813507,-1.5212664604187
78,-1.55504473050435,-0.632474859555562,-1.60115830103556,-0.912769834200538,-1.65199915568033,-0.985578060150142,-1.65011604626973,-1.20783408482869,-1.73468375205993,-1.20507621765136,-2.02205896377563,-1.74298830827077,-0.619805335998535,-0.686937769254049,-0.85069219271342,-0.627134442329407,-1.64088364442189,-1.54938427607218,-1.92528013388315,-1.47305798530578
80,-1.600950161616,-0.602419177691142,-1.67038782437642,-0.893178184827164,-1.59184694290161,-0.92139458656311,-1.67135310173034,-1.21866631507873,-1.73894874254862,-1.17272186279296,-2.05092461903889,-1.71755747000376,-0.559340755144755,-0.68573788801829,-0.883694251378376,-0.601385474205017,-1.61131036281585,-1.50573031107584,-1.91415146986643,-1.41152946154276
82,-1.63360071182251,-0.560964226722718,-1.72443882624308,-0.863003849983213,-1.51347072919209,-0.836731354395549,-1.68318478266397,-1.22424944241841,-1.73149172465006,-1.12601701418558,-2.07991576194763,-1.68028422196706,-0.490367293357849,-0.666675527890523,-0.905148506164548,-0.560118476549784,-1.56372272968292,-1.44792095820108,-1.89989499251047,-1.33961844444274
84,-1.65162555376688,-0.509151101112366,-1.75801157951355,-0.820952455202739,-1.41750454902648,-0.732209046681722,-1.68114431699117,-1.21880078315734,-1.7095464070638,-1.06536475817362,-2.10538093249003,-1.62933973471323,-0.417006293932597,-0.630965312321981,-0.909505049387613,-0.503592848777771,-1.49683662255605,-1.37871368726094,-1.882839401563,-1.26109290122985
86,-1.65454526742299,-0.449276725451152,-1.75990017255147,-0.761438647905986,-1.30510036150614,-0.609878460566203,-1.66470416386922,-1.19913776715596,-1.67122729619344,-0.988669792811074,-2.12211020787557,-1.56935767332712,-0.342027544975281,-0.580310622851054,-0.889323234558106,-0.428316513697306,-1.41082974274953,-1.29681531588236,-1.85738599300384,-1.17744867006937
88,-1.64066382249196,-0.384231964747111,-1.74223891894022,-0.695045034090678,-1.17817266782124,-0.473207950592041,-1.6342875957489,-1.16342854499817,-1.61540548006693,-0.898476401964821,-2.12854464848836,-1.49755521615346,-0.271748940149943,-0.520275115966797,-0.840124130249023,-0.335983475049337,-1.30649514993032,-1.20288848876953,-1.82579950491587,-1.09558586279551
90,-1.61362977822621,-0.318564613660177,-1.69548416137695,-0.617612957954407,-1.03767236073811,-0.325727542241415,-1.59103314081828,-1.11022202173869,-1.54199759165445,-0.797140757242838,-2.11841058731079,-1.41762284437815,-0.207965771357218,-0.453763564427694,-0.758119265238441,-0.227597196896871,-1.18629968166351,-1.09764035542805,-1.78341042995453,-1.01515213648478
92,-1.57671225070953,-0.257091720898946,-1.61995546023051,-0.528512080510457,-0.886287132898965,-0.172552744547526,-1.53682724634806,-1.03949213027954,-1.4521103700002,-0.688013434410094,-2.08711743354797,-1.33047028382619,-0.154473781585693,-0.387169162432353,-0.641140460968018,-0.104961633682251,-1.05089835325877,-0.983304738998411,-1.73049795627594,-0.939328829447428
94,-1.53075937430063,-0.203975041707357,-1.51527698834736,-0.425871292750041,-0.726250092188517,-0.0187874635060627,-1.47532963752746,-0.951577981313067,-1.34792788823445,-0.575215140978496,-2.03251592318217,-1.23657810688018,-0.112717350323995,-0.324306726455688,-0.489378730456034,0.029348691304525,-0.903071840604146,-0.85975193977356,-1.66459222634633,-0.865955869356791
96,-1.4739062388738,-0.15900993347168,-1.3848237991333,-0.312865694363912,-0.560019095738729,0.130447030067444,-1.40284403165181,-0.84854261080424,-1.23260315259297,-0.463314731915792,-1.95166937510172,-1.1361250480016,-0.0825546979904177,-0.269804755846659,-0.305120269457499,0.172003626823425,-0.747813661893209,-0.732557853062947,-1.58880285422007,-0.799512147903442
98,-1.41912845770518,-0.134440581003825,-1.22977193196614,-0.187339464823405,-0.390199383099874,0.27015749613444,-1.32982865969339,-0.73704727490743,-1.10992391904195,-0.35701584815979,-1.84407043457031,-1.03051892916361,-0.0638494888941447,-0.226888537406921,-0.0929990609486897,0.318934162457784,-0.5898197889328,-0.604266246159871,-1.50211687882741,-0.737001419067383
100,-1.36198111375173,-0.125619808832804,-1.05533099174499,-0.0531075795491537,-0.219372709592183,0.396810213724772,-1.25465726852417,-0.6182914574941,-0.98002211252848,-0.255886475245158,-1.70873363812764,-0.915693223476407,-0.0553640127182003,-0.198317408561707,0.140194137891133,0.465914726257324,-0.431450645128886,-0.476626396179199,-1.40604945023854,-0.677232185999552
102,-1.31262528896331,-0.14180862903595,-0.865274945894872,0.0892415444056193,-0.050559838612874,0.506963014602661,-1.18189891179402,-0.500826438268026,-0.855674147605894,-0.173806150754293,-1.55205051104227,-0.799258490403493,-0.0541778405507407,-0.18478266398112,0.385831276575724,0.607934236526488,-0.276201049486796,-0.352976799011231,-1.30251411596934,-0.618499517440796
104,-1.26599037647247,-0.173387964566548,-0.664886156717933,0.236908475557963,0.112922191619873,0.598244587580363,-1.11157576243082,-0.387296517690023,-0.735971689224241,-0.109645048777262,-1.37884918848673,-0.680052260557809,-0.060311158498128,-0.186540325482686,0.634007831414539,0.739852547645569,-0.126440167427063,-0.234717806180318,-1.19422795375188,-0.559357682863871
106,-1.233238697052,-0.227269927660624,-0.459940433502197,0.386197288831075,0.271622578303019,0.672872503598531,-1.04662068684895,-0.2799973487854,-0.626417954762774,-0.063336968421936,-1.19009218613306,-0.55767152706782,-0.067856788635254,-0.201665838559468,0.875653227170307,0.855552573998766,0.0163801511128743,-0.123666048049927,-1.08313065767288,-0.497921347618103
108,-1.21339356899261,-0.298927346865336,-0.25291363398234,0.535539229710897,0.414350072542826,0.724979241689046,-0.982624133427936,-0.187911550203959,-0.529455622037252,-0.0366686979929607,-0.99804991483688,-0.438033203283946,-0.0774936278661093,-0.229795654614766,1.09676853815714,0.951404035091398,0.148820320765178,-0.022627830505371,-0.975069423516589,-0.43580683072408
110,-1.20895103613535,-0.386120359102885,-0.0582193930943807,0.673502604166665,0.541373272736867,0.757612387339273,-0.924483140309651,-0.111692746480306,-0.44777790705363,-0.0293534994125366,-0.808477222919463,-0.322446783383687,-0.0888686974843343,-0.269926905632019,1.28851266702016,1.02155540386836,0.269234776496887,0.06614092985789,-0.872508267561594,-0.372864683469137
112,-1.22124568621317,-0.484927892684936,0.121009329954783,0.796982566515602,0.647446235020955,0.773534377415973,-0.871047496795654,-0.0535103877385457,-0.379997452100118,-0.0357418457667033,-0.628868917624156,-0.214647610982259,-0.100225806236267,-0.318597118059794,1.44164760907491,1.0612167318662,0.377621670564016,0.143124024073283,-0.779505074024197,-0.310862382253011
114,-1.25135588645935,-0.592055837313334,0.277941743532815,0.899576862653095,0.727072338263194,0.771911462148029,-0.822727998097737,-0.0155569314956663,-0.330016573270162,-0.0573862195014953,-0.463589866956075,-0.116516709327698,-0.115229884783427,-0.376932700475057,1.54869333902995,1.0668263832728,0.472966929276784,0.207854350407918,-0.698923846085866,-0.252985000610352
116,-1.30111487706502,-0.707624236742652,0.406040708223978,0.977458477020262,0.776322801907857,0.75532861550649,-0.777384837468463,0.00365459918975834,-0.305068016052246,-0.09816970427831,-0.32684067885081,-0.038741668065389,-0.135041117668152,-0.44188400109609,1.60270722707112,1.03333590428034,0.553771714369456,0.259924054145813,-0.634447435537974,-0.202764948209127
118,-1.37557713190714,-0.831992348035175,0.499744772911071,1.01993683973948,0.790473182996114,0.724958340326945,-0.739940841992693,0.00061813990275067,-0.29949414730072,-0.147964398066203,-0.219988624254862,0.0163790782292683,-0.163843870162964,-0.514235973358154,1.60027547677358,0.958511292934418,0.6147807041804,0.293345292409261,-0.589094420274099,-0.163462479909261
120,-1.47331031163533,-0.961880882581074,0.552683651447293,1.02519138654073,0.765181839466095,0.681414524714152,-0.710990508397419,-0.0214370091756187,-0.313376506169637,-0.204586307207743,-0.150456080834071,0.043809235095978,-0.205097913742065,-0.59492305914561,1.54053521156311,0.841036717096965,0.656710763772329,0.315307180086772,-0.565926214059194,-0.141602238019308
122,-1.5944527387619,-1.09723897775014,0.557942112286883,0.984717428684232,0.700090130170186,0.628170291582744,-0.692306319872536,-0.0636572837829587,-0.352302114168803,-0.271908601125081,-0.121200064818064,0.038529137770335,-0.26251490910848,-0.683465282122294,1.42327984174092,0.679168343544005,0.676963706811269,0.325046420097351,-0.567109604676565,-0.140077392260234
124,-1.73593707879384,-1.23567934830983,0.513640602429708,0.897698322931923,0.585275888442993,0.557600935300191,-0.685820341110227,-0.124366402626038,-0.421964248021443,-0.350708484649658,-0.131889839967092,0.000249425570169992,-0.341798265775045,-0.781583905220032,1.24910628795624,0.471534709135691,0.671020289262136,0.320375442504883,-0.595384736855825,-0.163087844848633
126,-1.90413765112559,-1.38449736436208,0.419963439305621,0.765459338823954,0.422419587771098,0.471828023592631,-0.695029656092323,-0.205540180206299,-0.519828081130981,-0.437747597694397,-0.188257028659185,-0.0803995728492737,-0.445980072021484,-0.89196232954661,1.02365026871363,0.22082507610321,0.633550405502319,0.298434774080912,-0.653646965821584,-0.214454213778178
128,-2.09285219510396,-1.5360106229782,0.271617611249288,0.582365791002908,0.212987740834554,0.371431867281596,-0.721160809199015,-0.302964488665263,-0.649412870407105,-0.536785880724589,-0.287218828996022,-0.201545516649882,-0.579486687978109,-1.01432327429453,0.753483533859251,-0.0699102878570557,0.56175700823466,0.260818004608154,-0.740752081076304,-0.293442289034526
130,-2.30594460169474,-1.70478761196136,0.0738917787869773,0.354569832483925,-0.0457332928975423,0.250690579414367,-0.76812438170115,-0.41909392674764,-0.813204367955526,-0.650052110354106,-0.426914513111115,-0.361876587073008,-0.74151309331258,-1.1510172287623,0.440459489822385,-0.399620453516642,0.451915204524994,0.206489721934001,-0.859933078289031,-0.400619069735209
132,-2.53842274347941,-1.88408239682515,-0.175380825996399,0.080202102661133,-0.34999144077301,0.108002901077271,-0.838582038879393,-0.554578224817912,-1.01186565558115,-0.777045488357544,-0.605924288431801,-0.56151960293452,-0.936460574467975,-1.3046733935674,0.0920743147532143,-0.7648891210556,0.300879756609599,0.132583816846212,-1.01161768039067,-0.535747488339742
134,-2.78894710540771,-2.07571721076965,-0.470975120862325,-0.233540693918864,-0.694991191228231,-0.0564314524332683,-0.934129873911539,-0.709265073140462,-1.24956123034159,-0.926443179448441,-0.824118157227831,-0.799895803133645,-1.16235168774923,-1.47513512770335,-0.285393277804057,-1.16082513332367,0.104795575141907,0.0364579359690347,-1.19828643401463,-0.696635643641154
136,-3.05422719319661,-2.27982886632283,-0.80634792645772,-0.583220839500427,-1.0768871307373,-0.246325254440308,-1.05774982770284,-0.886039654413858,-1.52729217211405,-1.09955946604411,-1.07809485991796,-1.07514695326487,-1.41583855946858,-1.6600892941157,-0.686149517695109,-1.58285772800445,-0.1359943151474,-0.0817919572194413,-1.41518068313598,-0.880653818448382
138,-3.33026679356893,-2.49650112787882,-1.17474977175394,-0.960828979810074,-1.48808407783508,-0.460385322570801,-1.20958757400512,-1.08437744776408,-1.84594416618347,-1.30152821540832,-1.36734622716904,-1.38638130823771,-1.69474172592163,-1.85940472284952,-1.10514338811238,-2.02627364794413,-0.42075518767039,-0.223906834920248,-1.66910175482432,-1.08777260780334
140,-3.6131059328715,-2.7175285021464,-1.57024161020914,-1.36358122030894,-1.92182143529256,-0.698917945226033,-1.38966059684753,-1.30456693967183,-2.1989517211914,-1.52903588612874,-1.68622581164042,-1.7268716096878,-1.99461487929026,-2.0731352965037,-1.53691681226094,-2.48531222343444,-0.743797818819678,-0.388208548227946,-1.95182891686757,-1.307941198349
142,-3.90662781397501,-2.95324246088663,-1.98560885588328,-1.78440292676289,-2.36282459894816,-0.952364047368364,-1.59687948226928,-1.54500142733256,-2.59073185920715,-1.78515843550364,-2.03165833155314,-2.09282275040944,-2.3091386159261,-2.29710165659586,-1.97973847389221,-2.95761545499165,-1.10655013720194,-0.579506556193034,-2.26198331514994,-1.54183499018351
144,-4.20271635055542,-3.19568872451782,-2.41345107555389,-2.21608519554138,-2.81685368220011,-1.23335305849711,-1.83083697160085,-1.80655550956725,-3.01401750246683,-2.07363506158193,-2.39990083376566,-2.47856438159942,-2.63226262728373,-2.52736647923787,-2.42949382464091,-3.43797103563944,-1.49827007452647,-0.794741074244181,-2.59920541445414,-1.78623847166697
146,-4.49605830510457,-3.43809556961059,-2.84799460570017,-2.65758466720581,-3.26659870147705,-1.52856318155924,-2.08536700407664,-2.08433580398559,-3.46304663022359,-2.39073920249939,-2.78899566332499,-2.88431930541992,-2.95709617932637,-2.76120996475219,-2.88355819384257,-3.92250196139017,-1.90997767448425,-1.03098122278849,-2.95818599065144,-2.04091103871663
148,-4.78235658009847,-3.67674509684245,-3.27863351504008,-3.09948992729187,-3.70878394444783,-1.83787989616394,-2.35975249608357,-2.3742835521698,-3.92188636461893,-2.72018718719482,-3.1949344476064,-3.30205217997233,-3.28128552436828,-2.99774344762166,-3.34116061528523,-4.40768806139627,-2.33453369140624,-1.2867693901062,-3.33339707056681,-2.30352369944254
150,-5.05805015563964,-3.90930493672688,-3.70515712102254,-3.53977529207865,-4.13247315088907,-2.15335385004679,-2.64962561925252,-2.67783109347025,-4.39689032236734,-3.07322939236958,-3.61409966150919,-3.73333915074666,-3.59821136792501,-3.23459959030151,-3.79646786053975,-4.89028485616048,-2.76058443387349,-1.55692847569783,-3.72223925590514,-2.57377791404723
152,-5.31797043482462,-4.12702043851216,-4.12369966506958,-3.97980133692423,-4.53589804967244,-2.47220230102538,-2.95212038358052,-2.98764697710673,-4.87210988998413,-3.43871585528055,-4.04185096422831,-4.171067237854,-3.90185046195983,-3.46889543533325,-4.24858434995015,-5.36706272761027,-3.17956256866455,-1.83930929501851,-4.11187163988749,-2.84648052851358
154,-5.56178696950276,-4.33229271570841,-4.52917083104451,-4.41254885991414,-4.90501689910888,-2.78419828414917,-3.26210983594258,-3.2989842891693,-5.33400503794352,-3.80245884259541,-4.47685662905375,-4.61538585027058,-4.1915549437205,-3.69943809509277,-4.69359644254048,-5.83299160003662,-3.58431617418925,-2.13075737158457,-4.50249433517456,-3.12897411982218
156,-5.78302733103434,-4.51849285761515,-4.9222502708435,-4.83708604176839,-5.25078821182251,-3.09475517272949,-3.57401235898335,-3.60077476501464,-5.78270800908406,-4.16658441225687,-4.91154893239338,-5.05792474746704,-4.46179684003194,-3.92285354932149,-5.12902975082397,-6.28698666890462,-3.96603878339131,-2.42488022645314,-4.88978958129882,-3.42009782791137
158,-5.98101774851481,-4.68335326512654,-5.30290110905965,-5.25369199117025,-5.56274159749349,-3.39341942469279,-3.88310154279073,-3.89963086446126,-6.20567369461059,-4.51830911636352,-5.34460894266764,-5.50043551127115,-4.70434220631917,-4.13546252250671,-5.55170043309529,-6.72580321629842,-4.31894675890604,-2.71797712643941,-5.26351849238077,-3.7165724436442
160,-6.15452893575032,-4.82641045252482,-5.66145340601603,-5.65347146987915,-5.83830658594767,-3.67629877726237,-4.18597515424092,-4.18543815612793,-6.59511756896972,-4.85200548171996,-5.76961374282836,-5.93599096934,-4.93024158477783,-4.34129460652669,-5.95180050532023,-7.1397426923116,-4.64020911852518,-3.00628272692362,-5.62050724029541,-4.01959451039632
162,-6.30152114232381,-4.94680070877075,-6.00777705510457,-6.04055865605672,-6.07803185780843,-3.9406631787618,-4.47474201520284,-4.45148579279581,-6.94605795542399,-5.16212081909179,-6.17893600463867,-6.35759131113688,-5.13212394714355,-4.53604364395141,-6.332954565684,-7.5310419400533,-4.92631411552429,-3.2834289073944,-5.95528682072957,-4.32589022318522
164,-6.41623497009277,-5.03654718399048,-6.33361625671386,-6.40563758214314,-6.2798851331075,-4.18111236890157,-4.74855057398477,-4.69850969314575,-7.25317923227945,-5.44248946507771,-6.5702199935913,-6.76214377085367,-5.30920855204264,-4.71705706914266,-6.68374013900756,-7.89195537567138,-5.17620833714803,-3.54219190279642,-6.26840162277221,-4.63487593332926
166,-6.50119924545287,-5.10095516840617,-6.64212735493978,-6.74989922841389,-6.44189469019572,-4.38928397496541,-4.99899435043335,-4.92128133773803,-7.52399889628092,-5.69775120417276,-6.94095993041992,-7.14741563796997,-5.4616363843282,-4.88195514678955,-7.00225559870402,-8.21762466430664,-5.39992682139078,-3.79561821619669,-6.55322631200154,-4.93652645746866
168,-6.55201450983683,-5.13747151692708,-6.92996486028035,-7.06695286432902,-6.56487290064493,-4.56755987803141,-5.22372929255167,-5.11794646581014,-7.75060335795084,-5.92074775695801,-7.28272136052449,-7.50343147913614,-5.58867851893106,-5.02901792526245,-7.27895053227742,-8.49894682566324,-5.59437847137451,-4.03286377588907,-6.81133699417114,-5.22881237665812
170,-6.57589817047119,-5.15307267506917,-7.19415458043416,-7.35135889053344,-6.65104150772094,-4.71760336558024,-5.41832113265991,-5.28585036595662,-7.93652280171712,-6.11339743932088,-7.58655881881713,-7.82279523213704,-5.6922869682312,-5.15650637944539,-7.5114680926005,-8.73453426361084,-5.76234912872314,-4.24962743123372,-7.04190651575724,-5.50585269927978
172,-6.56587807337443,-5.14075390497843,-7.43075021107991,-7.59901173909505,-6.69829575220743,-4.83312813440958,-5.58085187276204,-5.42511145273844,-8.08150005340576,-6.27461083730061,-7.85775836308797,-8.10612535476684,-5.77122100194295,-5.25991344451904,-7.69334538777669,-8.9161189397176,-5.90699974695841,-4.44643338521321,-7.24787251154581,-5.76733255386352
174,-6.5245885848999,-5.10404396057128,-7.63624000549316,-7.80402278900146,-6.71041790644327,-4.91876729329427,-5.70605945587158,-5.53326209386189,-8.18894481658935,-6.40723021825154,-8.09257475535074,-8.35141420364379,-5.82354164123535,-5.33519681294758,-7.82407124837239,-9.04087003072102,-6.03099187215169,-4.61999384562174,-7.43029356002807,-6.00643475850423
176,-6.4563226699829,-5.0474100112915,-7.80889272689819,-7.96505578358967,-6.67974805831909,-4.96431461970011,-5.79708115259806,-5.61166699727376,-8.25838756561279,-6.50931135813395,-8.28573544820149,-8.55290826161702,-5.85364802678426,-5.38419818878173,-7.90113957722981,-9.10612773895263,-6.13196929295857,-4.76585165659586,-7.58952093124389,-6.21604712804158
178,-6.35661045710245,-4.9647323290507,-7.94064060846964,-8.07194995880127,-6.61591641108194,-4.98121388753255,-5.85152355829874,-5.65851561228434,-8.29253133138021,-6.58525784810384,-8.43461354573567,-8.70647080739339,-5.86277182896932,-5.40426031748453,-7.92231210072835,-9.10786279042562,-6.21999104817708,-4.89220015207926,-7.73010889689127,-6.39836200078328
180,-6.23669830958048,-4.86712805430094,-8.02784967422485,-8.12515989939371,-6.514444510142,-4.96191835403442,-5.86927032470703,-5.67528661092122,-8.2967513402303,-6.63383674621581,-8.53870201110839,-8.8109442392985,-5.85139989852905,-5.39567518234252,-7.88940143585205,-9.04745801289876,-6.29278977711995,-4.99659156799316,-7.84925921758015,-6.54571342468261
182,-6.09545612335205,-4.75373872121175,-8.07009903589884,-8.12484455108642,-6.37799501419067,-4.90922896067301,-5.84955565134684,-5.66057443618774,-8.26918411254882,-6.65892235438029,-8.59299755096435,-8.8631944656372,-5.82244523366292,-5.35859251022339,-7.80104446411132,-8.92304070790608,-6.35195700327555,-5.07942136128743,-7.95527776082357,-6.66594950358072
184,-5.93393929799397,-4.62510188420613,-8.05882469813029,-8.06450812021891,-6.20948839187622,-4.82557280858357,-5.79739650090535,-5.61403830846151,-8.2159776687622,-6.66087484359741,-8.60925674438476,-8.87432638804117,-5.77724695205688,-5.29655329386393,-7.66174618403116,-8.73480319976806,-6.38731002807616,-5.13495143254598,-8.03902610143025,-6.74932241439819
186,-5.75687392552693,-4.48482767740885,-7.99760802586873,-7.94796276092529,-6.01697238286336,-4.72019783655802,-5.72001822789509,-5.54102087020874,-8.13041146596272,-6.63548803329467,-8.58226362864176,-8.84010537465413,-5.71571254730224,-5.20682748158772,-7.47302103042602,-8.48900413513183,-6.40439430872599,-5.16525173187255,-8.10500160853068,-6.80247910817463
188,-5.56646235783894,-4.33509119351704,-7.87698221206664,-7.76762930552164,-5.7974050839742,-4.59206342697143,-5.61821889877319,-5.44119262695312,-8.02655124664306,-6.59262657165527,-8.51630878448486,-8.76355584462483,-5.63909800847371,-5.09539540608723,-7.242866675059,-8.18994490305582,-6.39706865946451,-5.17176898320515,-8.15296093622843,-6.82841221491495
190,-5.3648042678833,-4.17840011914571,-7.70698881149292,-7.53403584162394,-5.55564657847086,-4.44480593999226,-5.49917141596476,-5.31663529078165,-7.89604473114013,-6.52888409296671,-8.41196250915527,-8.64775307973225,-5.55587911605835,-4.96992429097493,-6.97331444422404,-7.84204975763956,-6.37193584442139,-5.16248416900634,-8.18377224604288,-6.83440907796224
192,-5.15607452392578,-4.017720301946,-7.4865992863973,-7.25056854883829,-5.29712661107381,-4.28316815694173,-5.36483271916707,-5.16976261138915,-7.74985790252685,-6.44915278752644,-8.27269681294759,-8.49576250712076,-5.46417697270711,-4.83304707209269,-6.66955391565958,-7.44995355606078,-6.32339111963907,-5.13102261225382,-8.19686142603556,-6.82356262207031
194,-4.94056510925293,-3.85666584968566,-7.2165257136027,-6.91378291447957,-5.02411540349324,-4.10994060834248,-5.21668926874796,-5.00137201944987,-7.58070659637451,-6.35026009877522,-8.09764591852823,-8.30581029256184,-5.36391496658325,-4.68508036931356,-6.33536418279011,-7.01785929997762,-6.2531984647115,-5.08390871683756,-8.18699185053507,-6.79357624053955
196,-4.72220754623413,-3.69331916173299,-6.90884717305501,-6.53934144973755,-4.74161513646443,-3.92896429697672,-5.06617720921834,-4.82244030634562,-7.3995304107666,-6.23751576741536,-7.89473009109497,-8.08626190821329,-5.25965213775634,-4.53362083435058,-5.97545957565307,-6.55162111918131,-6.16519880294799,-5.02220137914021,-8.15761645634969,-6.7536760965983
198,-4.49994166692098,-3.53027359644572,-6.56398789087931,-6.12714989980062,-4.45755084355672,-3.74720160166422,-4.91363223393758,-4.63545274734497,-7.20462735493978,-6.10730187098185,-7.66883166631062,-7.84195931752522,-5.14723253250122,-4.37628157933552,-5.59396870930989,-6.05652109781901,-6.06295601526895,-4.95050509770711,-8.11043500900268,-6.70520416895548
200,-4.27836195627848,-3.37036689122518,-6.19124825795491,-5.68973970413207,-4.17755222320556,-3.57076040903727,-4.75958522160848,-4.43981424967447,-7.00145626068115,-5.96536207199096,-7.4247817993164,-7.57558933893839,-5.03172175089518,-4.22102944056193,-5.19372733434041,-5.53753598531087,-5.94943443934122,-4.87138271331787,-8.04494126637776,-6.64984862009684
202,-4.05471070607503,-3.21563100814819,-5.79576031366984,-5.22924407323201,-3.90445836385091,-3.40261141459147,-4.60508362452188,-4.2398977279663,-6.79140599568684,-5.8119036356608,-7.15791606903076,-7.28535890579223,-4.91072622934977,-4.06741023063659,-4.77983204523722,-4.99570751190185,-5.82786893844604,-4.78595765431721,-7.96249485015869,-6.58753124872843
204,-3.83719396591186,-3.06373850504557,-5.38254960378011,-4.75205167134602,-3.63456773757934,-3.23247496287027,-4.45454629262288,-4.04468584060668,-6.58101081848144,-5.65719715754191,-6.87131357192993,-6.97097587585449,-4.78675127029419,-3.91770005226135,-4.35427284240722,-4.44399817784627,-5.7020460764567,-4.69668944676717,-7.86474514007568,-6.51402521133422
206,-3.61893367767334,-2.91445891062418,-4.95693286259969,-4.26836744944254,-3.37952772776286,-3.07263437906901,-4.30440966288248,-3.85247643788655,-6.37107769648234,-5.498055934906,-6.57522424062093,-6.64010874430338,-4.65733941396077,-3.77071730295817,-3.92025359471639,-3.88113363583882,-5.57500902811686,-4.60532108942667,-7.75857639312744,-6.43698199590047
208,-3.40396420160929,-2.76568921407063,-4.52637147903442,-3.78074208895365,-3.13749392827351,-2.92098458607991,-4.15341869990031,-3.66700212160746,-6.16118780771891,-5.33570289611816,-6.26355663935343,-6.29092216491699,-4.52625751495361,-3.6298189163208,-3.4784034093221,-3.31625199317932,-5.45124228795369,-4.51686970392862,-7.6457085609436,-6.35100285212198
210,-3.19201803207397,-2.62612803777058,-4.09417947133382,-3.29496439297994,-2.91141351064045,-2.77946790059407,-3.99963164329528,-3.48497287432352,-5.96048323313395,-5.17694679896037,-5.94543441136678,-5.93156623840331,-4.39072163899739,-3.48993444442748,-3.03245210647583,-2.75389568010966,-5.32956838607788,-4.42581129074096,-7.52783425649007,-6.2539300918579
212,-2.99117064476013,-2.49308904012044,-3.66661699612935,-2.81767566998799,-2.69437106450398,-2.63764444986979,-3.84108090400695,-3.30784837404886,-5.76453177134196,-5.01683028539021,-5.61826229095459,-5.55887063344319,-4.25168832143147,-3.35447136561076,-2.58410612742106,-2.19752017656962,-5.21018759409586,-4.33204666773478,-7.40882301330566,-6.14662440617879
214,-2.8004568417867,-2.367129723231,-3.24406345685323,-2.350102186203,-2.49770466486613,-2.50583346684773,-3.67812895774841,-3.13893087704976,-5.57596906026204,-4.86024379730224,-5.29082695643107,-5.18131717046102,-4.11005783081054,-3.22325770060221,-2.13629698753357,-1.65149422486623,-5.09538189570109,-4.2404294013977,-7.29296541213989,-6.02889331181844
216,-2.61948625246683,-2.24647680918375,-2.83417916297912,-1.89709862073262,-2.31630039215088,-2.38063144683837,-3.50898734728495,-2.97478890419006,-5.39603980382283,-4.71086835861206,-4.96294498443603,-4.79955991109212,-3.96607494354248,-3.09359455108642,-1.69578035672505,-1.12695689996083,-4.98575242360433,-4.15011040369669,-7.17772912979126,-5.89711968104044
218,-2.45067350069682,-2.13336483637491,-2.43436666329701,-1.46126552422841,-2.14458068211873,-2.25531562169392,-3.33127284049987,-2.8107529481252,-5.22330506642659,-4.56195068359375,-4.63750521341959,-4.41766277949015,-3.8239619731903,-2.96847136815389,-1.26309243837992,-0.624626159667967,-4.87534348169962,-4.05521710713704,-7.07199875513712,-5.76205937067667
220,-2.29239964485168,-2.02427752812703,-2.04657057921091,-1.04082429409027,-1.98936593532562,-2.1326519648234,-3.15324759483337,-2.65284816424051,-5.05823040008544,-4.42325528462727,-4.31729316711425,-4.04015604654947,-3.68200707435608,-2.84691540400187,-0.841082572937009,-0.146845499674479,-4.76253779729207,-3.95795480410258,-6.97005860010783,-5.61923948923746
222,-2.151260693868,-1.92578792572021,-1.67698037624359,-0.640214840571085,-1.84090014298756,-2.00826636950175,-2.97185524304707,-2.49534932772318,-4.89389928181966,-4.28657547632853,-4.0062973499298,-3.67271820704142,-3.54193679491679,-2.72624174753824,-0.437248309453328,0.294765094916026,-4.64869864781697,-3.85884499549865,-6.87666734059651,-5.47464005152384
224,-2.02806456883748,-1.83774360020955,-1.32208132743835,-0.253359913825989,-1.70416982968648,-1.88625359535217,-2.79133423169453,-2.33811708291371,-4.73735523223877,-4.15761089324951,-3.70655131340026,-3.31490588188171,-3.40632637341817,-2.61515402793884,-0.053678512573242,0.699621379375456,-4.52564430236816,-3.75111508369445,-6.78900003433227,-5.33271678288777
226,-1.92228555679321,-1.76177994410196,-0.982096036275225,0.115338206291199,-1.57462541262308,-1.7619297504425,-2.61505738894144,-2.18248418966929,-4.58260615666707,-4.03272708257039,-3.4160737991333,-2.96442937850952,-3.27731347084045,-2.51366074879964,0.305898269017538,1.06666711966196,-4.39706007639567,-3.64031895001729,-6.70467535654703,-5.19389851888021
228,-1.83482710520426,-1.69591720898946,-0.667916496594745,0.460197587807972,-1.45559986432393,-1.64270750681559,-2.4401220480601,-2.02062435944875,-4.43076356252034,-3.91283988952636,-3.14824597040812,-2.64380621910095,-3.15581281979878,-2.42080918947855,0.642027219136554,1.39944644769033,-4.26641702651977,-3.53162614504496,-6.61819108327229,-5.05569283167521
230,-1.76483420530955,-1.63967625300089,-0.377238472302755,0.785098751386006,-1.34187308947245,-1.52682423591613,-2.27947882811228,-1.86257612705231,-4.28332614898681,-3.79716555277506,-2.89837598800659,-2.34201673666635,-3.04572478930155,-2.34134785334269,0.945284565289811,1.69052875041961,-4.12843879063924,-3.41747117042541,-6.53516960144042,-4.93165111541748
232,-1.70910720030466,-1.59645183881123,-0.107830206553141,1.09016505877177,-1.23777286211649,-1.41879773139953,-2.13599495093027,-1.71231500307718,-4.14058351516723,-3.68994092941284,-2.66928084691365,-2.06366034348805,-2.94411873817443,-2.27318986256917,1.21767592430115,1.9447683095932,-3.99037210146586,-3.30623110135396,-6.44925292332967,-4.8173279762268
234,-1.67082440853119,-1.56223293145497,0.138766169548034,1.374292075634,-1.13850164413452,-1.31849304835001,-2.00764103730519,-1.5673287709554,-3.99540988604227,-3.58195614814758,-2.46143285433451,-1.80805909633636,-2.84894569714864,-2.20742026964823,1.45355876286824,2.16201019287109,-3.85294691721598,-3.19671082496642,-6.35815588633219,-4.71177148818969
236,-1.64265763759612,-1.53210008144378,0.358622868855794,1.63744829098383,-1.04095943768819,-1.22104676564534,-1.90433434645334,-1.43801220258077,-3.8647129535675,-3.48805864651997,-2.27494812011718,-1.57472503185272,-2.7639254728953,-2.15247464179992,1.65385647614796,2.34550086657206,-3.71782636642456,-3.08967041969299,-6.26704343159993,-4.62039534250895
238,-1.62623020013173,-1.50961188475291,0.552237013975778,1.87422760327656,-0.950670321782428,-1.13007187843322,-1.81700567404429,-1.31944092114766,-3.74163126945495,-3.40070080757141,-2.10904463132222,-1.36183528105418,-2.68397132555644,-2.09844438234965,1.81953124205271,2.50074525674183,-3.58823633193969,-2.98111669222513,-6.16957235336303,-4.53685474395751
240,-1.61282495657603,-1.48730528354645,0.717302481333415,2.08584690093994,-0.86331820487976,-1.03780364990234,-1.74898215134938,-1.21537089347839,-3.62485607465107,-3.31615757942199,-1.96192042032877,-1.17040761311849,-2.60669223467508,-2.04342563947041,1.95030363400777,2.62921667098998,-3.46994813283284,-2.88564610481262,-6.06588395436604,-4.45969216028849
242,-1.59913583596547,-1.4647300640742,0.85031767686208,2.26129098733266,-0.784462372461955,-0.957033634185789,-1.70218094189961,-1.13152654965718,-3.5181135336558,-3.23650368054707,-1.83664162953694,-1.00076335668564,-2.53416355450948,-1.9862732887268,2.04958244164784,2.73711339632669,-3.35971117019653,-2.79118466377258,-5.96012274424234,-4.38615115483602
244,-1.58704141775766,-1.44116620222727,0.955094099044797,2.40420468648274,-0.706606070200602,-0.873941818873084,-1.67186880111694,-1.06544931729634,-3.42502522468566,-3.16296617190042,-1.72958509127298,-0.84834708770116,-2.46460111935933,-1.92781547705332,2.1159682671229,2.82077344258626,-3.26267766952514,-2.70486537615458,-5.84735600153605,-4.30792331695556
246,-1.57120033105214,-1.41352371374766,1.03407561779022,2.5150575240453,-0.629531661669413,-0.791584889094034,-1.65585541725158,-1.01687057813009,-3.34127561251322,-3.09015663464864,-1.63598457972208,-0.717171410719553,-2.39495062828063,-1.86117962996164,2.15120116869608,2.88338756561279,-3.17492612202962,-2.61937912305196,-5.73585001627604,-4.23077932993571
248,-1.55120952924092,-1.38027600447336,1.08483531077703,2.59159676233927,-0.566378752390544,-0.714922666549683,-1.65165130297343,-0.985895077387487,-3.26829918225606,-3.02015503247579,-1.56021602948506,-0.602282504240669,-2.32677408059438,-1.78913517793019,2.15613996982574,2.91946323712666,-3.09984970092773,-2.53900440533955,-5.62502066294352,-4.1491421063741
250,-1.52377462387085,-1.33858335018158,1.10859934488932,2.63189383347829,-0.504329125086466,-0.634461879730222,-1.65833560625712,-0.970079501469924,-3.20984037717183,-2.9556496143341,-1.49967098236084,-0.512231250603993,-2.25598704814911,-1.7068000237147,2.1360642115275,2.9364100297292,-3.03217188517252,-2.45774833361307,-5.51254987716674,-4.06091515223185
252,-1.49415779113769,-1.29660928249359,1.10693001747131,2.63432927926381,-0.453635692596436,-0.553323904673257,-1.66914367675781,-0.964557965596512,-3.16014631589254,-2.89130345980326,-1.46139701207479,-0.447832345962524,-2.18835906187693,-1.62054900328318,2.09191397825876,2.92954730987548,-2.97031052907308,-2.37436016400655,-5.40048138300578,-3.96233717600504
254,-1.46301905314127,-1.25172420342763,1.08563268184662,2.60370020071665,-0.414892514546712,-0.471316576004028,-1.67712529500325,-0.959769010543819,-3.1156260172526,-2.82622138659159,-1.435906569163,-0.402416904767354,-2.1198741197586,-1.52594522635142,2.02297111352284,2.89365116755167,-2.91151444117228,-2.2879204750061,-5.288996219635,-3.85534477233886
256,-1.43009114265442,-1.20264327526092,1.04257539908091,2.53953158855438,-0.379372874895732,-0.384899059931437,-1.69391584396362,-0.967364708582559,-3.0798901716868,-2.75893235206604,-1.42954174677531,-0.379932423432668,-2.04999403158823,-1.42657379309336,1.93217841784159,2.82736349105834,-2.85755332310994,-2.19931983947753,-5.18166796366373,-3.74548594156901
258,-1.40067132314046,-1.15461750825246,0.981828331947326,2.44727269808451,-0.355846524238586,-0.29893175760905,-1.71636454264322,-0.984326680501299,-3.03757611910502,-2.68269864718119,-1.43695338567098,-0.378102858861287,-1.98137390613556,-1.32610110441843,1.82073684533437,2.72997903823852,-2.79659922917683,-2.10031755765279,-5.07521406809489,-3.63177061080932
260,-1.37423356374104,-1.11146605014801,0.909997085730232,2.33485643068949,-0.340772231419881,-0.217790563901265,-1.73592249552409,-0.994383096694944,-3.00074354807535,-2.60598238309224,-1.46215264002482,-0.399571339289347,-1.91148277123769,-1.22371351718902,1.69632152716318,2.60666322708129,-2.73297802607218,-1.9959628979365,-4.97027413050333,-3.51678403218587
262,-1.35683377583821,-1.07631615797678,0.828075647354124,2.2061101992925,-0.331735094388326,-0.135878682136536,-1.75534311930338,-1.00112239519755,-2.966863711675,-2.53074479103088,-1.49672547976175,-0.434533655643463,-1.84331742922465,-1.12526166439056,1.55499815940857,2.44988663991292,-2.66787354151408,-1.8881150484085,-4.86913855870564,-3.40880362192789
264,-1.34761309623718,-1.04850335915883,0.738231301307678,2.06484305858612,-0.328978896141052,-0.058012366294861,-1.77323393026987,-1.00577521324157,-2.93006666501363,-2.45667485396067,-1.55423506100972,-0.498605708281198,-1.77805646260579,-1.03356230258941,1.39955651760101,2.26110931237538,-2.59574770927429,-1.77426175276438,-4.76195160547892,-3.29918082555134
266,-1.34773627916972,-1.03013853232065,0.647373696168263,1.91612946987152,-0.331167101860046,0.0146527687708537,-1.78829109668731,-1.00435050328573,-2.88808512687683,-2.38158325354258,-1.62720624605814,-0.584277609984077,-1.7156875928243,-0.950996915499369,1.23552012443542,2.0483956336975,-2.51926549275716,-1.65744837125142,-4.65942239761352,-3.20354000727335
268,-1.35673745473226,-1.01777263482411,0.548940817515055,1.76006150245666,-0.334304531415304,0.079215923945109,-1.80274029572804,-0.999863624572751,-2.83732366561889,-2.30728161334991,-1.70544179280599,-0.670275549093881,-1.65535004933675,-0.877027710278829,1.06618750095367,1.81655824184417,-2.4381841023763,-1.53910287221272,-4.55312474568685,-3.11528778076172
270,-1.37457625071208,-1.01596748828888,0.453219950199127,1.60263681411743,-0.338827927907308,0.135658701260885,-1.81537600358327,-0.992016077041621,-2.78634826342264,-2.2398213148117,-1.79782327016194,-0.779379467169441,-1.59991971651713,-0.815101345380146,0.89881042639414,1.57542995611826,-2.35323723157246,-1.42066089312235,-4.4458425839742,-3.0397040049235
272,-1.39540767669677,-1.0171392361323,0.366483092308044,1.45169897874196,-0.339975476264953,0.181624134381612,-1.8192358414332,-0.976049820582069,-2.73018431663513,-2.1772090991338,-1.89580623308817,-0.899931649367013,-1.54467058181762,-0.760717908541361,0.737655838330585,1.33346839745839,-2.26823226610819,-1.30715266863505,-4.334170738856,-2.97290611267089
274,-1.42002662022908,-1.02180810769399,0.280438423156738,1.30138957500457,-0.335738619168599,0.214860677719116,-1.81237693627675,-0.954072475433349,-2.66951926549275,-2.12109386920929,-1.99562676747639,-1.02503708998362,-1.49129207928975,-0.716786026954651,0.58639387289683,1.0969213048617,-2.17916742960611,-1.19526108105977,-4.21896036465962,-2.91359678904215
276,-1.44038947423298,-1.02368279298146,0.205510099728902,1.15866629282633,-0.322626312573751,0.239766160647074,-1.80277740955352,-0.939874887466427,-2.60260693232218,-2.07016583283742,-2.08432873090108,-1.15051170190175,-1.44021224975586,-0.681844035784401,0.44724045197169,0.870695670445759,-2.09309307734171,-1.09436122576395,-4.10059173901875,-2.86087528864542
278,-1.45685227711995,-1.02461922168732,0.140745421250661,1.02295386791229,-0.298317472139994,0.258205453554789,-1.78060603141784,-0.925711075464884,-2.53119794527689,-2.02832941214243,-2.17071429888407,-1.2792102098465,-1.38811469078063,-0.651171803474425,0.32892256975174,0.666708330313364,-2.00277769565582,-0.999642928441364,-3.97426835695902,-2.80836725234985
280,-1.46468925476074,-1.02137776215871,0.084868391354879,0.890532215436298,-0.259561022122701,0.274091362953186,-1.74317073822021,-0.911262989044188,-2.45236865679423,-1.9843959013621,-2.24408213297525,-1.40446809927622,-1.3353137175242,-0.623820821444191,0.228941837946574,0.483455836772919,-1.90892541408539,-0.911821524302165,-3.84797072410583,-2.75955390930175
282,-1.46013847986856,-1.01435156663258,0.040815273920695,0.764535248279569,-0.207317272822062,0.285523573557536,-1.69628318150838,-0.900237401326496,-2.36564056078593,-1.93923155466715,-2.30004358291625,-1.52566762765248,-1.27614076932271,-0.591611623764038,0.150858600934346,0.326919039090474,-1.8132752974828,-0.833626031875608,-3.71411172548929,-2.70282999674479
284,-1.44287864367167,-0.994725028673805,0.00399883588155133,0.638664682706195,-0.134316802024841,0.301604509353638,-1.63793889681498,-0.891686042149861,-2.27627007166544,-1.90132522583007,-2.3397802511851,-1.63907261689504,-1.21551752090454,-0.562658111254374,0.0969546635945637,0.199961225191752,-1.71066399415333,-0.759863217671711,-3.57868297894795,-2.64262676239013
286,-1.41043559710184,-0.96615858872731,-0.016388138135274,0.522377351919809,-0.0553537209828697,0.317058324813843,-1.56819621721903,-0.884689172108965,-2.18697190284729,-1.86589606602986,-2.36385615666707,-1.74810302257537,-1.14896368980408,-0.521395881970723,0.0692838033040367,0.105358799298604,-1.59835827350616,-0.687815030415853,-3.43905822436014,-2.57529258728027
288,-1.36394341786702,-0.927043954531349,-0.0314144293467203,0.407204906145732,0.0375316143035887,0.340592424074809,-1.49093683560689,-0.881025393803911,-2.09318697452545,-1.82481519381205,-2.37389167149861,-1.85799133777618,-1.07757480939229,-0.477754275004069,0.0601496696472167,0.033267100652059,-1.47651342550913,-0.617473761240641,-3.29821666081746,-2.49949892361958
290,-1.29909515380859,-0.875384608904516,-0.0450307528177897,0.295030911763509,0.142622907956441,0.370715538660685,-1.40866653124491,-0.874720970789589,-1.99589375654856,-1.77365612983703,-2.3606629371643,-1.95124582449594,-1.00071938832601,-0.428567488988241,0.070167581240336,-0.01608415444692,-1.34224307537078,-0.542149623235067,-3.15446337064107,-2.41428518295288
292,-1.22843265533447,-0.819588780403135,-0.0506317218144733,0.192343990008037,0.254941066106161,0.408301949501038,-1.32636300722757,-0.864393790562946,-1.90032041072845,-1.71925528844197,-2.34009051322937,-2.04581145445505,-0.921077648798622,-0.375948031743367,0.093053181966146,-0.0476736227671307,-1.19935667514801,-0.466148932774862,-3.01475890477498,-2.32483259836832
294,-1.1548638343811,-0.763737559318542,-0.0618184010187787,0.0885063807169596,0.362980484962463,0.4422128200531,-1.25065374374389,-0.859428803126015,-1.79749131202697,-1.64728363355,-2.31870293617248,-2.13872778415679,-0.839852650960286,-0.316744407018026,0.120182633399963,-0.0740624268849693,-1.04948993523915,-0.388867060343424,-2.87633347511291,-2.23115269343058
296,-1.07574260234832,-0.704195857048032,-0.06924041112264,-0.002824664115906,0.474746982256571,0.487358887990316,-1.18775741259257,-0.848848581314086,-1.70137770970662,-1.57402571042378,-2.29028328259786,-2.22111761569976,-0.753958264986671,-0.258914987246196,0.153189261754354,-0.0909547805786133,-0.897629459698994,-0.310079932212829,-2.74820272127787,-2.14121735095977
298,-1.00527620315551,-0.646214604377747,-0.0760889450709024,-0.0758224328358967,0.576541503270467,0.527151306470235,-1.13872464497884,-0.836046457290649,-1.60955413182576,-1.49716679255167,-2.27034211158752,-2.30305278301239,-0.670812249183653,-0.200285275777181,0.186199267705282,-0.104890743891398,-0.744068582852682,-0.22740892569224,-2.62456059455871,-2.05018822352091
300,-0.942312558492022,-0.596153775850932,-0.0957321723302204,-0.146754582722982,0.671141743659973,0.569756865501404,-1.10133123397827,-0.815724929173786,-1.52022035916646,-1.41252946853637,-2.25903026262918,-2.37563947836557,-0.59315824508667,-0.146153847376505,0.214442332585653,-0.120485107103984,-0.598146716753642,-0.147808829943339,-2.51962622006734,-1.96611698468526
302,-0.895695885022479,-0.5523020029068,-0.11970583597819,-0.201724489529928,0.748870193958283,0.604460795720419,-1.08948222796122,-0.79677939414978,-1.4475081761678,-1.33461348215739,-2.25869870185851,-2.4380840063095,-0.524024526278178,-0.0995602210362753,0.23491891225179,-0.137515902519226,-0.461180965105692,-0.065735936164856,-2.42930150032043,-1.89711300532023
304,-0.865862886110939,-0.518462538719177,-0.147146264712016,-0.243009448051453,0.811613241831462,0.632513364156087,-1.10347557067871,-0.785625537236532,-1.37926681836446,-1.25533088048299,-2.26610859235127,-2.48779082298279,-0.466622591018677,-0.0640937884648643,0.242804368336995,-0.162545839945475,-0.343666036923726,0.00815788904825833,-2.35331567128499,-1.83890040715535
306,-0.849285443623861,-0.488882144292196,-0.179396788279215,-0.263537247975667,0.858766655127205,0.654212594032288,-1.13714241981506,-0.775600830713908,-1.32410113016764,-1.18132297197977,-2.28672003746032,-2.52560043334961,-0.420850078264872,-0.036816676457723,0.239430109659831,-0.192052443822225,-0.246057629585266,0.0756986141204833,-2.296417872111,-1.79108277956644
308,-0.858366171518962,-0.475497166315715,-0.214828769365946,-0.265696088473002,0.888233045736946,0.668179233868917,-1.18599732716878,-0.766647100448608,-1.2790797551473,-1.11344448725382,-2.32166957855224,-2.55424435933431,-0.389828244845073,-0.023833155632019,0.23141606648763,-0.218319853146871,-0.1754523118337,0.130478660265605,-2.25781607627868,-1.75687853495279
310,-0.884124716122945,-0.471076687177022,-0.255749384562175,-0.255886514981588,0.900351703166959,0.668277263641358,-1.25009711583455,-0.76436980565389,-1.25124295552571,-1.06329170862834,-2.36020040512085,-2.56528457005818,-0.364581425984701,-0.0124612251917523,0.217888633410136,-0.244196971257528,-0.13173508644104,0.171949823697408,-2.23942104975382,-1.73689627647399
312,-0.926163434982298,-0.474986910820007,-0.297373612721761,-0.232990105946859,0.900065064430234,0.660990317662557,-1.31560389200846,-0.760532935460409,-1.23354268074035,-1.02126455307007,-2.40304001172383,-2.5602928797404,-0.356245120366415,-0.0136015415191653,0.199570337931315,-0.269209424654643,-0.115947524706523,0.196359237035116,-2.23974315325419,-1.72877669334411
314,-0.97931861877441,-0.484538833300273,-0.335918307304382,-0.199284911155701,0.881855507691699,0.642186045646668,-1.38887627919515,-0.767627795537313,-1.23501308759053,-1.00256343682607,-2.44510094324747,-2.54310377438863,-0.361212253570557,-0.0225659211476647,0.183056354522705,-0.287631034851074,-0.123440782229106,0.206274787584941,-2.25041778882344,-1.72227716445922
316,-1.04265197118123,-0.503723382949829,-0.36748484770457,-0.158015886942546,0.853281597296396,0.616943041483561,-1.4543825785319,-0.776445865631104,-1.24498971303304,-0.999142845471699,-2.48338691393534,-2.51888076464334,-0.374645749727885,-0.0361506541570027,0.1728302637736,-0.296265443166097,-0.155734817186991,0.201397697130839,-2.277805407842,-1.72442475954691
318,-1.09867370128632,-0.51762310663859,-0.391163945198059,-0.113534410794576,0.818903704484304,0.591522455215454,-1.51267377535502,-0.788986206054687,-1.26088873545329,-1.01154748598735,-2.51689529418945,-2.49051904678344,-0.396522124608358,-0.051724910736084,0.173305829366048,-0.289962410926819,-0.199352264404297,0.182610670725505,-2.30977392196655,-1.72072752316792
320,-1.1512861251831,-0.532673319180807,-0.40663735071818,-0.067895531654358,0.782360553741453,0.567285418510437,-1.55556186040242,-0.801485776901245,-1.28297368685404,-1.03196132183075,-2.53827953338622,-2.45563745498657,-0.423218568166097,-0.0714519023895263,0.186197876930237,-0.274736166000366,-0.253117402394613,0.15026859442393,-2.34914588928222,-1.72073984146118
322,-1.19354252020518,-0.547956426938375,-0.41420567035675,-0.029046456019084,0.746915062268573,0.546867330869039,-1.57992887496948,-0.811618248621621,-1.29998350143432,-1.04928390185038,-2.5472621122996,-2.42307623227437,-0.45149819056193,-0.088935176531474,0.21333654721578,-0.252543489138285,-0.309735933939616,0.104706009229024,-2.3954693476359,-1.71873593330383
324,-1.21713976065317,-0.552403092384339,-0.415501554807027,-0.000549634297689006,0.717663923899333,0.535754601160685,-1.58696254094441,-0.82231307029724,-1.3157643477122,-1.07700455188751,-2.54160014788309,-2.39483038584391,-0.479651967684428,-0.105288704236349,0.255290309588115,-0.223392208417257,-0.363657752672831,0.05439035097758,-2.43190741539001,-1.70886810620625
326,-1.23134311040242,-0.560464024543762,-0.410602966944377,0.0138386885325117,0.694421271483101,0.530684073766073,-1.57278331120808,-0.826425790786741,-1.31914861996968,-1.09969170888265,-2.52469937006632,-2.37556505203247,-0.498567183812459,-0.115751425425211,0.313458800315857,-0.188123742739359,-0.406571547190348,0.001319368680318,-2.45512469609578,-1.68250465393066
328,-1.22478795051574,-0.566231846809387,-0.397911111513774,0.022528688112895,0.682230611642199,0.537481546401978,-1.54647771517435,-0.826513051986694,-1.318221728007,-1.11980867385864,-2.49238085746765,-2.35827279090881,-0.511089523633321,-0.123207648595174,0.378012935320536,-0.153000473976135,-0.436980724334717,-0.0507288376490273,-2.47022517522175,-1.65452814102172
330,-1.19957399368286,-0.567461570103963,-0.38663919766744,0.0139341751734417,0.672044436136881,0.549697756767273,-1.50623869895934,-0.820465723673503,-1.30588110287984,-1.13112274805704,-2.45673378308613,-2.35803429285685,-0.513061364491781,-0.12575626373291,0.452797532081604,-0.115177234013875,-0.453115224838257,-0.099574645360311,-2.47332549095153,-1.61959250768025
332,-1.15485616525014,-0.560837070147197,-0.373621344566345,-0.00808684031168633,0.672341187795001,0.564136425654093,-1.45819640159606,-0.808499415715535,-1.28348716100057,-1.1370701789856,-2.41447480519612,-2.36431455612182,-0.504603902498881,-0.121394793192546,0.524036566416423,-0.087414781252543,-0.454128940900167,-0.141826192537944,-2.46036712328593,-1.58017921447754
334,-1.09824852148692,-0.555802543958028,-0.368947505950928,-0.0462553103764853,0.681057890256243,0.581436395645141,-1.4068964322408,-0.790479103724162,-1.25596356391906,-1.13557974497477,-2.3801507949829,-2.38595740000406,-0.478274782498677,-0.116948962211609,0.588305989901225,-0.0694766441981,-0.447058796882629,-0.182724992434184,-2.43308488527933,-1.53702036539713
336,-1.02327970663706,-0.545064965883891,-0.367710669835409,-0.0937596162160237,0.690935810407,0.598731835683187,-1.35447653134663,-0.766625245412191,-1.22160188357035,-1.12674045562744,-2.35147420565287,-2.41423718134562,-0.438816706339518,-0.10626749197642,0.643236438433329,-0.0614812771479287,-0.43392018477122,-0.213742176691691,-2.39766057332356,-1.49750757217407
338,-0.943695982297261,-0.537439068158468,-0.374512990315755,-0.149401386578878,0.708215514818827,0.615163763364156,-1.30872344970703,-0.740784088770549,-1.18349027633667,-1.11731576919555,-2.33001542091369,-2.44350941975911,-0.387995362281799,-0.0945682922999063,0.683485706647237,-0.063702662785848,-0.417292356491089,-0.244315942128499,-2.35532633463541,-1.46336754163106
340,-0.859503308931984,-0.531880021095276,-0.397169828414917,-0.216224948565165,0.723123331864672,0.624471743901571,-1.27490663528442,-0.718094825744629,-1.14800556500753,-1.10302297274271,-2.32221682866414,-2.47448921203613,-0.331435402234396,-0.0856223503748573,0.701565384864807,-0.0760972102483117,-0.401873747507731,-0.268809914588928,-2.31058661142985,-1.43775780995687
342,-0.77557102839152,-0.527294119199117,-0.431701501210531,-0.290278116861979,0.729472001393636,0.617005189259847,-1.255810658137,-0.69887908299764,-1.11756404240926,-1.09357674916585,-2.32859198252359,-2.50170493125915,-0.266518553098043,-0.0705101490020753,0.693595965703328,-0.103721459706624,-0.401153127352397,-0.297587951024373,-2.26620745658874,-1.42387835184733
344,-0.702959895133972,-0.532789627710978,-0.480709989865621,-0.368740797042847,0.731271147727964,0.599220236142477,-1.25182032585144,-0.683621168136597,-1.09021830558777,-1.08942953745524,-2.35497442881266,-2.53053148587544,-0.199979782104492,-0.058198054631551,0.662248889605204,-0.145220994949341,-0.411530057589213,-0.323521892229716,-2.22498981157938,-1.4217468102773
346,-0.635342240333557,-0.540989995002747,-0.543957869211832,-0.451803167661031,0.722759763399759,0.568133076032003,-1.26058268547058,-0.676861047744751,-1.07159988085429,-1.09120154380798,-2.39128653208414,-2.55315669377644,-0.131693561871846,-0.039741317431132,0.606987794240316,-0.191783825556437,-0.443052013715108,-0.356521050135295,-2.19534683227539,-1.43826516469319
348,-0.577302654584249,-0.555514454841614,-0.616775830586751,-0.538303971290588,0.699765125910439,0.51895546913147,-1.28173923492431,-0.67978048324585,-1.064129114151,-1.10988497734069,-2.44225287437439,-2.56898276011149,-0.079334179560343,-0.035043398539225,0.528568387031555,-0.248661756515503,-0.491110483805338,-0.392080028851827,-2.17865530649821,-1.47039898236592
350,-0.543500264485677,-0.586975932121277,-0.695730288823445,-0.622859756151835,0.664791782697042,0.454200029373169,-1.31811173756917,-0.695094982783,-1.0740574200948,-1.14488037427266,-2.50639875729878,-2.58137838045756,-0.0343443552652997,-0.0285780827204387,0.437152167161306,-0.30585253238678,-0.563554088274638,-0.437563816706339,-2.1765542825063,-1.51800306638081
352,-0.524048209190369,-0.620961705843607,-0.78581643104553,-0.715720136960347,0.611815055211385,0.37664516766866,-1.35745811462402,-0.717045545578003,-1.09669796625773,-1.19742226600647,-2.5694363117218,-2.58373721440632,-0.00350042184193934,-0.023708899815877,0.322982788085937,-0.373753348986308,-0.657197276751201,-0.494194507598877,-2.1966110865275,-1.58328326543172
354,-0.519100824991862,-0.659131248792013,-0.879041830698647,-0.805884798367818,0.534961183865863,0.281896471977234,-1.40395148595174,-0.750605583190918,-1.14069032669067,-1.26253628730773,-2.64490437507629,-2.58945560455322,0.008863647778829,-0.0239523649215697,0.205632130304972,-0.436311046282451,-0.765557249387103,-0.557421127955119,-2.22886522610982,-1.65925812721252
356,-0.537976582845052,-0.713050643603007,-0.972542047500609,-0.898127595583595,0.443507194519041,0.176991701126099,-1.45202231407165,-0.792540550231934,-1.19347540537516,-1.35024038950602,-2.72574583689371,-2.60001365343729,0.00429542859395366,-0.0265483061472573,0.0825804074605307,-0.502423326174418,-0.883848071098327,-0.628005107243856,-2.28316481908162,-1.75098450978597
358,-0.570876717567444,-0.775079131126404,-1.06696772575378,-0.995754917462664,0.334023873011269,0.056878050168355,-1.49889794985453,-0.843286593755086,-1.25774518648783,-1.44605374336242,-2.80434838930765,-2.6158861319224,-0.0204615195592243,-0.0327525536219277,-0.0264733632405597,-0.555804292360942,-1.00542294979095,-0.701387564341227,-2.35059769948323,-1.84656107425689
360,-0.62312110265096,-0.842652599016824,-1.1522946357727,-1.08820346991221,0.215963204701739,-0.0610777537027997,-1.54216241836547,-0.901180823643999,-1.33149568239848,-1.552001953125,-2.88250048955281,-2.63951237996419,-0.062710126241048,-0.0451001326243083,-0.139561096827189,-0.621033827463786,-1.12806737422943,-0.782029946645101,-2.43646534283955,-1.95464781920115
362,-0.701131820678711,-0.928096652030942,-1.23288361231486,-1.18030981222788,0.0867602030436197,-0.18082849184672,-1.57765547434488,-0.960606098175048,-1.41204357147217,-1.66449578603108,-2.95893398920694,-2.67293032010396,-0.117905378341675,-0.06159245967865,-0.24285348256429,-0.686066468556722,-1.24450608094533,-0.864866892496745,-2.53389644622802,-2.06892581780751
364,-0.779065132141113,-1.00976558526357,-1.3132038116455,-1.27237315972646,-0.051049073537191,-0.297660907109579,-1.60737713177999,-1.02077158292134,-1.49354910850524,-1.77636655171712,-3.03511301676432,-2.71929168701171,-0.184834917386373,-0.0817092259724933,-0.334272027015686,-0.753604451815287,-1.3525458574295,-0.947971423467,-2.63651442527771,-2.17972389856974
366,-0.869980971018473,-1.10005748271942,-1.38252258300781,-1.36406528949737,-0.1838059425354,-0.411293268203735,-1.6342708269755,-1.08444833755493,-1.58065962791443,-1.88655392328898,-3.10836617151896,-2.77658788363139,-0.267891446749369,-0.111649632453918,-0.41010046005249,-0.819203893343606,-1.44466475645701,-1.02864170074462,-2.74853682518005,-2.29265292485555
368,-0.961394031842548,-1.18201100826263,-1.44435962041219,-1.45260910193125,-0.316047271092733,-0.519855419794718,-1.65448268254598,-1.14275010426839,-1.66769011815388,-1.99261609713236,-3.17596181233724,-2.84323143959045,-0.357521851857503,-0.147512753804525,-0.46550178527832,-0.879097024599708,-1.52359441916147,-1.10656714439392,-2.85123745600382,-2.39074556032816
370,-1.05705463886261,-1.26464569568634,-1.50123349825541,-1.53762153784434,-0.435414950052897,-0.617315133412679,-1.66880722840627,-1.19446857770283,-1.7460241317749,-2.0939663251241,-3.24430179595947,-2.92236200968424,-0.450421214103699,-0.190909743309021,-0.510347088177999,-0.940707484881081,-1.58539648850759,-1.17879708607991,-2.95631019274393,-2.47890845934549
372,-1.14731736977895,-1.33404076099395,-1.54909404118855,-1.61517608165741,-0.540115515391031,-0.704623699188229,-1.68390834331512,-1.23989756902059,-1.82234398523966,-2.18277335166931,-3.30858866373698,-3.00285832087198,-0.543425043423971,-0.240126927693685,-0.541427850723267,-1.00441300868988,-1.63497467835744,-1.24494051933288,-3.05868299802144,-2.56439018249511
374,-1.23417981465657,-1.39442447821299,-1.59156417846679,-1.68708288669586,-0.644584973653154,-0.789730628331499,-1.69352702299754,-1.27587644259135,-1.89484453201294,-2.25985487302144,-3.36966975529988,-3.07789270083109,-0.634072780609131,-0.294617056846619,-0.560399134953817,-1.06141571203867,-1.67191175619761,-1.30529697736104,-3.15012248357137,-2.63563195864359
376,-1.3144470055898,-1.44681028525034,-1.62638227144877,-1.74980254968007,-0.722568909327188,-0.857582171758013,-1.70134691397349,-1.30237921078999,-1.95977512995402,-2.32564171155294,-3.4268729686737,-3.15094192822774,-0.713271220525106,-0.34837265809377,-0.564424435297648,-1.10824310779571,-1.69172720114389,-1.34971380233764,-3.24340907732645,-2.70645976066589
378,-1.38391931851704,-1.4830766916275,-1.65434590975443,-1.80161603291829,-0.78156240781148,-0.913541793823242,-1.70973360538482,-1.3190324306488,-2.015736023585,-2.37874150276184,-3.46486783027649,-3.20385646820068,-0.78745158513387,-0.413285811742147,-0.558853745460511,-1.147017121315,-1.71133553981781,-1.38892110188802,-3.32699457804361,-2.76415546735127
380,-1.44129101435343,-1.50283594926198,-1.67421996593475,-1.84322524070739,-0.827956120173132,-0.958428223927814,-1.71182270844777,-1.32266275087992,-2.06399349371592,-2.42051196098327,-3.50191291173299,-3.24702787399292,-0.852763334910074,-0.474718451499939,-0.548703074455261,-1.18251915772756,-1.72638833522796,-1.42457588513692,-3.40234510103861,-2.81170097986857
382,-1.48626995086669,-1.50886817773183,-1.68819693724314,-1.87414320309956,-0.846748908360797,-0.989302476247152,-1.7101958990097,-1.31258034706115,-2.10707604885101,-2.45428133010864,-3.52679928143819,-3.27951669692993,-0.905167500178018,-0.539806167284648,-0.534571250279745,-1.20551900068919,-1.73776058355967,-1.45209415753682,-3.4623548189799,-2.84556293487548
384,-1.51941720644633,-1.50278913974762,-1.68670849005381,-1.88929152488708,-0.855687538782755,-1.00209410985311,-1.710768977801,-1.29767179489135,-2.13429343700409,-2.47241886456807,-3.53960792223612,-3.29262193044026,-0.947164217631021,-0.604569792747497,-0.506742636362712,-1.20939417680104,-1.74644354979197,-1.47272149721781,-3.51374673843383,-2.87180805206298
386,-1.5362274646759,-1.48189389705658,-1.67844156424204,-1.89652252197265,-0.84013279279073,-1.00281405448913,-1.69915906588236,-1.26992122332255,-2.15496671199798,-2.4805322488149,-3.52827787399291,-3.28437153498331,-0.981948932011921,-0.667523423830668,-0.480544010798136,-1.20857727527618,-1.75723572572072,-1.49077868461608,-3.55253402392069,-2.88999112447102
388,-1.5438859462738,-1.45165312290191,-1.65581814448038,-1.88888168334961,-0.821458101272581,-1.00011968612671,-1.68581581115722,-1.23656296730041,-2.16550441582997,-2.47714805603027,-3.49938662846883,-3.2597271601359,-0.999761899312335,-0.71573277314504,-0.43944525718689,-1.18696383635203,-1.7638486623764,-1.49933735529581,-3.57801397641499,-2.89909601211547
390,-1.54131229718526,-1.41786118348439,-1.6258335908254,-1.87611802419026,-0.790982007980344,-0.98128032684326,-1.6638909180959,-1.19580539067586,-2.16825377941131,-2.46867855389913,-3.45337978998819,-3.2220496336619,-1.006245692571,-0.761057178179423,-0.396653413772583,-1.15505985418955,-1.76429585615794,-1.504478931427,-3.59095907211303,-2.90128540992737
392,-1.52403736114501,-1.37247089544932,-1.57886441548665,-1.84999601046244,-0.753784577051798,-0.950275023778278,-1.63787198066711,-1.15166052182515,-2.16014532248179,-2.44960927963256,-3.38941025733947,-3.16880091031392,-1.00412185986837,-0.798960487047831,-0.349394083023071,-1.11391882101694,-1.76028327147166,-1.501797914505,-3.5917801062266,-2.89894413948058
394,-1.50417017936706,-1.32963573932647,-1.52274998029073,-1.8168640534083,-0.709886550903317,-0.90297198295593,-1.60277907053629,-1.10089484850565,-2.14873445034026,-2.42225241661071,-3.30935327212015,-3.10888409614563,-0.99725317955017,-0.828875263532003,-0.298642555872599,-1.06665654977162,-1.75399156411488,-1.503644545873,-3.58131821950276,-2.89185341199239
396,-1.47866026560465,-1.29387358824412,-1.46089315414428,-1.78168674310048,-0.664727449417109,-0.847075939178466,-1.55742661158243,-1.04914840062459,-2.12972803910573,-2.38558379809061,-3.22536524136861,-3.05018091201782,-0.981347878774006,-0.850245674451192,-0.236680388450623,-1.00483826796213,-1.7339787085851,-1.49984860420227,-3.55046780904134,-2.87593428293863
398,-1.45021899541219,-1.25265896320342,-1.390380859375,-1.73905432224273,-0.626102209091187,-0.784360647201538,-1.50489521026611,-0.998876889546709,-2.10705975691477,-2.34640995661417,-3.13339304924011,-2.99165137608845,-0.960129102071123,-0.863590439160665,-0.173954963684082,-0.941608389218647,-1.69747682412465,-1.48615256945292,-3.51068488756815,-2.85502211252848